[INFO] Scanning for projects...
[INFO] 
[INFO] ------------------< com.forvmom:MomentForeverPayment >------------------
[INFO] Building MomentForever - Payment Service 3.1.5
[INFO]   from pom.xml
[INFO] --------------------------------[ jar ]---------------------------------
[INFO] 
[INFO] >>> spring-boot:3.1.5:run (default-cli) > test-compile @ MomentForeverPayment >>>
[INFO] 
[INFO] --- resources:3.3.1:resources (default-resources) @ MomentForeverPayment ---
[INFO] Copying 1 resource from src\main\resources to target\classes
[INFO] Copying 1 resource from src\main\resources to target\classes
[INFO] 
[INFO] --- compiler:3.11.0:compile (default-compile) @ MomentForeverPayment ---
[INFO] Changes detected - recompiling the module! :source
[INFO] Compiling 31 source files with javac [debug release 17] to target\classes
[INFO] 
[INFO] --- resources:3.3.1:testResources (default-testResources) @ MomentForeverPayment ---
[INFO] Copying 1 resource from src\test\resources to target\test-classes
[INFO] 
[INFO] --- compiler:3.11.0:testCompile (default-testCompile) @ MomentForeverPayment ---
[INFO] Changes detected - recompiling the module! :dependency
[INFO] Compiling 1 source file with javac [debug release 17] to target\test-classes
[INFO] 
[INFO] <<< spring-boot:3.1.5:run (default-cli) < test-compile @ MomentForeverPayment <<<
[INFO] 
[INFO] 
[INFO] --- spring-boot:3.1.5:run (default-cli) @ MomentForeverPayment ---
[INFO] Attaching agents: []
17:44:00,714 |-INFO in ch.qos.logback.classic.LoggerContext[default] - This is logback-classic version 1.4.11
17:44:00,717 |-INFO in ch.qos.logback.classic.util.ContextInitializer@2c767a52 - Here is a list of configurators discovered as a service, by rank: 
17:44:00,717 |-INFO in ch.qos.logback.classic.util.ContextInitializer@2c767a52 -   org.springframework.boot.logging.logback.RootLogLevelConfigurator
17:44:00,717 |-INFO in ch.qos.logback.classic.util.ContextInitializer@2c767a52 - They will be invoked in order until ExecutionStatus.DO_NOT_INVOKE_NEXT_IF_ANY is returned.
17:44:00,719 |-INFO in ch.qos.logback.classic.util.ContextInitializer@2c767a52 - Constructed configurator of type class org.springframework.boot.logging.logback.RootLogLevelConfigurator
17:44:00,731 |-INFO in ch.qos.logback.classic.util.ContextInitializer@2c767a52 - org.springframework.boot.logging.logback.RootLogLevelConfigurator.configure() call lasted 2 milliseconds. ExecutionStatus=INVOKE_NEXT_IF_ANY
17:44:00,731 |-INFO in ch.qos.logback.classic.util.ContextInitializer@2c767a52 - Trying to configure with ch.qos.logback.classic.joran.SerializedModelConfigurator
17:44:00,733 |-INFO in ch.qos.logback.classic.util.ContextInitializer@2c767a52 - Constructed configurator of type class ch.qos.logback.classic.joran.SerializedModelConfigurator
17:44:00,747 |-INFO in ch.qos.logback.classic.LoggerContext[default] - Could NOT find resource [logback-test.scmo]
17:44:00,747 |-INFO in ch.qos.logback.classic.LoggerContext[default] - Could NOT find resource [logback.scmo]
17:44:00,747 |-INFO in ch.qos.logback.classic.util.ContextInitializer@2c767a52 - ch.qos.logback.classic.joran.SerializedModelConfigurator.configure() call lasted 14 milliseconds. ExecutionStatus=INVOKE_NEXT_IF_ANY
17:44:00,747 |-INFO in ch.qos.logback.classic.util.ContextInitializer@2c767a52 - Trying to configure with ch.qos.logback.classic.util.DefaultJoranConfigurator
17:44:00,749 |-INFO in ch.qos.logback.classic.util.ContextInitializer@2c767a52 - Constructed configurator of type class ch.qos.logback.classic.util.DefaultJoranConfigurator
17:44:00,749 |-INFO in ch.qos.logback.classic.LoggerContext[default] - Could NOT find resource [logback-test.xml]
17:44:00,752 |-INFO in ch.qos.logback.classic.LoggerContext[default] - Found resource [logback.xml] at [file:/C:/DOCKER_FOLDER/local-dev/moment-forever-payment/target/classes/logback.xml]
17:44:00,868 |-WARN in ch.qos.logback.core.model.processor.ImplicitModelHandler - Ignoring unknown property [springProfile] in [ch.qos.logback.classic.LoggerContext]
17:44:00,868 |-WARN in ch.qos.logback.core.model.processor.ImplicitModelHandler - Ignoring unknown property [springProfile] in [ch.qos.logback.classic.LoggerContext]
17:44:00,868 |-WARN in ch.qos.logback.core.model.processor.ImplicitModelHandler - Ignoring unknown property [springProfile] in [ch.qos.logback.classic.LoggerContext]
17:44:00,869 |-INFO in ch.qos.logback.core.model.processor.AppenderModelHandler - Processing appender named [CONSOLE]
17:44:00,869 |-INFO in ch.qos.logback.core.model.processor.AppenderModelHandler - About to instantiate appender of type [ch.qos.logback.core.ConsoleAppender]
17:44:00,874 |-INFO in ch.qos.logback.core.model.processor.ImplicitModelHandler - Assuming default type [ch.qos.logback.classic.encoder.PatternLayoutEncoder] for [encoder] property
17:44:00,896 |-INFO in ch.qos.logback.core.model.processor.AppenderModelHandler - Processing appender named [FILE]
17:44:00,896 |-INFO in ch.qos.logback.core.model.processor.AppenderModelHandler - About to instantiate appender of type [ch.qos.logback.core.rolling.RollingFileAppender]
17:44:00,898 |-INFO in ch.qos.logback.core.model.processor.ImplicitModelHandler - Assuming default type [ch.qos.logback.classic.encoder.PatternLayoutEncoder] for [encoder] property
17:44:00,902 |-INFO in c.q.l.core.rolling.TimeBasedRollingPolicy@1637290981 - No compression will be used
17:44:00,903 |-INFO in c.q.l.core.rolling.TimeBasedRollingPolicy@1637290981 - Will use the pattern ./logs/moment-forever-payment-%d{yyyy-MM-dd}.%i.log for the active file
17:44:00,918 |-INFO in ch.qos.logback.core.rolling.SizeAndTimeBasedFNATP@708f5957 - The date pattern is 'yyyy-MM-dd' from file name pattern './logs/moment-forever-payment-%d{yyyy-MM-dd}.%i.log'.
17:44:00,918 |-INFO in ch.qos.logback.core.rolling.SizeAndTimeBasedFNATP@708f5957 - Roll-over at midnight.
17:44:00,924 |-INFO in ch.qos.logback.core.rolling.SizeAndTimeBasedFNATP@708f5957 - Setting initial period to 2026-03-06T12:13:12.949Z
17:44:00,924 |-WARN in ch.qos.logback.core.rolling.SizeAndTimeBasedFNATP@708f5957 - SizeAndTimeBasedFNATP is deprecated. Use SizeAndTimeBasedRollingPolicy instead
17:44:00,924 |-WARN in ch.qos.logback.core.rolling.SizeAndTimeBasedFNATP@708f5957 - For more information see http://logback.qos.ch/manual/appenders.html#SizeAndTimeBasedRollingPolicy
17:44:00,929 |-INFO in ch.qos.logback.core.rolling.RollingFileAppender[FILE] - Active log file name: ./logs/moment-forever-payment.log
17:44:00,929 |-INFO in ch.qos.logback.core.rolling.RollingFileAppender[FILE] - File property is set to [./logs/moment-forever-payment.log]
17:44:00,929 |-INFO in ch.qos.logback.core.model.processor.AppenderModelHandler - Processing appender named [SQL_FILE]
17:44:00,929 |-INFO in ch.qos.logback.core.model.processor.AppenderModelHandler - About to instantiate appender of type [ch.qos.logback.core.rolling.RollingFileAppender]
17:44:00,930 |-INFO in ch.qos.logback.core.model.processor.ImplicitModelHandler - Assuming default type [ch.qos.logback.classic.encoder.PatternLayoutEncoder] for [encoder] property
17:44:00,930 |-INFO in c.q.l.core.rolling.TimeBasedRollingPolicy@1754894440 - No compression will be used
17:44:00,930 |-INFO in c.q.l.core.rolling.TimeBasedRollingPolicy@1754894440 - Will use the pattern ./logs/payment-sql-%d{yyyy-MM-dd}.log for the active file
17:44:00,931 |-INFO in c.q.l.core.rolling.DefaultTimeBasedFileNamingAndTriggeringPolicy - The date pattern is 'yyyy-MM-dd' from file name pattern './logs/payment-sql-%d{yyyy-MM-dd}.log'.
17:44:00,931 |-INFO in c.q.l.core.rolling.DefaultTimeBasedFileNamingAndTriggeringPolicy - Roll-over at midnight.
17:44:00,931 |-INFO in c.q.l.core.rolling.DefaultTimeBasedFileNamingAndTriggeringPolicy - Setting initial period to 2026-03-06T11:59:10.826Z
17:44:00,932 |-INFO in ch.qos.logback.core.rolling.RollingFileAppender[SQL_FILE] - Active log file name: ./logs/payment-sql.log
17:44:00,932 |-INFO in ch.qos.logback.core.rolling.RollingFileAppender[SQL_FILE] - File property is set to [./logs/payment-sql.log]
17:44:00,932 |-INFO in ch.qos.logback.core.model.processor.AppenderModelHandler - Processing appender named [KAFKA_FILE]
17:44:00,932 |-INFO in ch.qos.logback.core.model.processor.AppenderModelHandler - About to instantiate appender of type [ch.qos.logback.core.rolling.RollingFileAppender]
17:44:00,932 |-INFO in ch.qos.logback.core.model.processor.ImplicitModelHandler - Assuming default type [ch.qos.logback.classic.encoder.PatternLayoutEncoder] for [encoder] property
17:44:00,933 |-INFO in c.q.l.core.rolling.TimeBasedRollingPolicy@1998767043 - No compression will be used
17:44:00,933 |-INFO in c.q.l.core.rolling.TimeBasedRollingPolicy@1998767043 - Will use the pattern ./logs/payment-kafka-%d{yyyy-MM-dd}.log for the active file
17:44:00,933 |-INFO in c.q.l.core.rolling.DefaultTimeBasedFileNamingAndTriggeringPolicy - The date pattern is 'yyyy-MM-dd' from file name pattern './logs/payment-kafka-%d{yyyy-MM-dd}.log'.
17:44:00,933 |-INFO in c.q.l.core.rolling.DefaultTimeBasedFileNamingAndTriggeringPolicy - Roll-over at midnight.
17:44:00,933 |-INFO in c.q.l.core.rolling.DefaultTimeBasedFileNamingAndTriggeringPolicy - Setting initial period to 2026-03-06T11:32:39.954Z
17:44:00,934 |-INFO in ch.qos.logback.core.rolling.RollingFileAppender[KAFKA_FILE] - Active log file name: ./logs/payment-kafka.log
17:44:00,934 |-INFO in ch.qos.logback.core.rolling.RollingFileAppender[KAFKA_FILE] - File property is set to [./logs/payment-kafka.log]
17:44:00,934 |-INFO in ch.qos.logback.core.model.processor.AppenderModelHandler - Processing appender named [PAYMENT_FILE]
17:44:00,934 |-INFO in ch.qos.logback.core.model.processor.AppenderModelHandler - About to instantiate appender of type [ch.qos.logback.core.rolling.RollingFileAppender]
17:44:00,934 |-INFO in ch.qos.logback.core.model.processor.ImplicitModelHandler - Assuming default type [ch.qos.logback.classic.encoder.PatternLayoutEncoder] for [encoder] property
17:44:00,934 |-INFO in c.q.l.core.rolling.TimeBasedRollingPolicy@787738361 - No compression will be used
17:44:00,934 |-INFO in c.q.l.core.rolling.TimeBasedRollingPolicy@787738361 - Will use the pattern ./logs/payment-transactions-%d{yyyy-MM-dd}.log for the active file
17:44:00,935 |-INFO in c.q.l.core.rolling.DefaultTimeBasedFileNamingAndTriggeringPolicy - The date pattern is 'yyyy-MM-dd' from file name pattern './logs/payment-transactions-%d{yyyy-MM-dd}.log'.
17:44:00,935 |-INFO in c.q.l.core.rolling.DefaultTimeBasedFileNamingAndTriggeringPolicy - Roll-over at midnight.
17:44:00,935 |-INFO in c.q.l.core.rolling.DefaultTimeBasedFileNamingAndTriggeringPolicy - Setting initial period to 2026-03-06T11:32:39.956Z
17:44:00,937 |-INFO in ch.qos.logback.core.rolling.RollingFileAppender[PAYMENT_FILE] - Active log file name: ./logs/payment-transactions.log
17:44:00,937 |-INFO in ch.qos.logback.core.rolling.RollingFileAppender[PAYMENT_FILE] - File property is set to [./logs/payment-transactions.log]
17:44:00,937 |-INFO in ch.qos.logback.core.model.processor.AppenderModelHandler - Processing appender named [OUTBOX_FILE]
17:44:00,937 |-INFO in ch.qos.logback.core.model.processor.AppenderModelHandler - About to instantiate appender of type [ch.qos.logback.core.rolling.RollingFileAppender]
17:44:00,937 |-INFO in ch.qos.logback.core.model.processor.ImplicitModelHandler - Assuming default type [ch.qos.logback.classic.encoder.PatternLayoutEncoder] for [encoder] property
17:44:00,938 |-INFO in c.q.l.core.rolling.TimeBasedRollingPolicy@607932305 - No compression will be used
17:44:00,938 |-INFO in c.q.l.core.rolling.TimeBasedRollingPolicy@607932305 - Will use the pattern ./logs/payment-outbox-%d{yyyy-MM-dd}.log for the active file
17:44:00,938 |-INFO in c.q.l.core.rolling.DefaultTimeBasedFileNamingAndTriggeringPolicy - The date pattern is 'yyyy-MM-dd' from file name pattern './logs/payment-outbox-%d{yyyy-MM-dd}.log'.
17:44:00,938 |-INFO in c.q.l.core.rolling.DefaultTimeBasedFileNamingAndTriggeringPolicy - Roll-over at midnight.
17:44:00,938 |-INFO in c.q.l.core.rolling.DefaultTimeBasedFileNamingAndTriggeringPolicy - Setting initial period to 2026-03-06T11:32:39.957Z
17:44:00,938 |-INFO in ch.qos.logback.core.rolling.RollingFileAppender[OUTBOX_FILE] - Active log file name: ./logs/payment-outbox.log
17:44:00,938 |-INFO in ch.qos.logback.core.rolling.RollingFileAppender[OUTBOX_FILE] - File property is set to [./logs/payment-outbox.log]
17:44:00,938 |-INFO in ch.qos.logback.core.model.processor.AppenderModelHandler - Processing appender named [DEAD_LETTER_FILE]
17:44:00,938 |-INFO in ch.qos.logback.core.model.processor.AppenderModelHandler - About to instantiate appender of type [ch.qos.logback.core.rolling.RollingFileAppender]
17:44:00,938 |-INFO in ch.qos.logback.core.model.processor.ImplicitModelHandler - Assuming default type [ch.qos.logback.classic.encoder.PatternLayoutEncoder] for [encoder] property
17:44:00,940 |-INFO in c.q.l.core.rolling.TimeBasedRollingPolicy@168366 - No compression will be used
17:44:00,940 |-INFO in c.q.l.core.rolling.TimeBasedRollingPolicy@168366 - Will use the pattern ./logs/payment-dead-letter-%d{yyyy-MM-dd}.log for the active file
17:44:00,940 |-INFO in c.q.l.core.rolling.DefaultTimeBasedFileNamingAndTriggeringPolicy - The date pattern is 'yyyy-MM-dd' from file name pattern './logs/payment-dead-letter-%d{yyyy-MM-dd}.log'.
17:44:00,940 |-INFO in c.q.l.core.rolling.DefaultTimeBasedFileNamingAndTriggeringPolicy - Roll-over at midnight.
17:44:00,941 |-INFO in c.q.l.core.rolling.DefaultTimeBasedFileNamingAndTriggeringPolicy - Setting initial period to 2026-03-06T11:32:39.959Z
17:44:00,941 |-INFO in ch.qos.logback.core.rolling.RollingFileAppender[DEAD_LETTER_FILE] - Active log file name: ./logs/payment-dead-letter.log
17:44:00,941 |-INFO in ch.qos.logback.core.rolling.RollingFileAppender[DEAD_LETTER_FILE] - File property is set to [./logs/payment-dead-letter.log]
17:44:00,941 |-INFO in ch.qos.logback.classic.model.processor.RootLoggerModelHandler - Setting level of ROOT logger to INFO
17:44:00,941 |-INFO in ch.qos.logback.core.model.processor.AppenderRefModelHandler - Attaching appender named [CONSOLE] to Logger[ROOT]
17:44:00,942 |-INFO in ch.qos.logback.core.model.processor.AppenderRefModelHandler - Attaching appender named [FILE] to Logger[ROOT]
17:44:00,943 |-INFO in ch.qos.logback.classic.model.processor.LoggerModelHandler - Setting level of logger [com.forvmom.MomentForeverPayment] to DEBUG
17:44:00,945 |-INFO in ch.qos.logback.classic.model.processor.LoggerModelHandler - Setting additivity of logger [com.forvmom.MomentForeverPayment] to false
17:44:00,945 |-INFO in ch.qos.logback.core.model.processor.AppenderRefModelHandler - Attaching appender named [CONSOLE] to Logger[com.forvmom.MomentForeverPayment]
17:44:00,945 |-INFO in ch.qos.logback.core.model.processor.AppenderRefModelHandler - Attaching appender named [FILE] to Logger[com.forvmom.MomentForeverPayment]
17:44:00,945 |-INFO in ch.qos.logback.classic.model.processor.LoggerModelHandler - Setting level of logger [com.forvmom.MomentForeverPayment.service.PaymentService] to DEBUG
17:44:00,945 |-INFO in ch.qos.logback.classic.model.processor.LoggerModelHandler - Setting additivity of logger [com.forvmom.MomentForeverPayment.service.PaymentService] to false
17:44:00,945 |-INFO in ch.qos.logback.core.model.processor.AppenderRefModelHandler - Attaching appender named [CONSOLE] to Logger[com.forvmom.MomentForeverPayment.service.PaymentService]
17:44:00,945 |-INFO in ch.qos.logback.core.model.processor.AppenderRefModelHandler - Attaching appender named [FILE] to Logger[com.forvmom.MomentForeverPayment.service.PaymentService]
17:44:00,945 |-INFO in ch.qos.logback.core.model.processor.AppenderRefModelHandler - Attaching appender named [PAYMENT_FILE] to Logger[com.forvmom.MomentForeverPayment.service.PaymentService]
17:44:00,945 |-INFO in ch.qos.logback.classic.model.processor.LoggerModelHandler - Setting level of logger [com.forvmom.MomentForeverPayment.service.PaymentOutboxService] to DEBUG
17:44:00,945 |-INFO in ch.qos.logback.classic.model.processor.LoggerModelHandler - Setting additivity of logger [com.forvmom.MomentForeverPayment.service.PaymentOutboxService] to false
17:44:00,945 |-INFO in ch.qos.logback.core.model.processor.AppenderRefModelHandler - Attaching appender named [CONSOLE] to Logger[com.forvmom.MomentForeverPayment.service.PaymentOutboxService]
17:44:00,945 |-INFO in ch.qos.logback.core.model.processor.AppenderRefModelHandler - Attaching appender named [FILE] to Logger[com.forvmom.MomentForeverPayment.service.PaymentOutboxService]
17:44:00,945 |-INFO in ch.qos.logback.core.model.processor.AppenderRefModelHandler - Attaching appender named [OUTBOX_FILE] to Logger[com.forvmom.MomentForeverPayment.service.PaymentOutboxService]
17:44:00,945 |-INFO in ch.qos.logback.classic.model.processor.LoggerModelHandler - Setting level of logger [com.forvmom.MomentForeverPayment.service.OutgoingPaymentOutboxService] to DEBUG
17:44:00,945 |-INFO in ch.qos.logback.classic.model.processor.LoggerModelHandler - Setting additivity of logger [com.forvmom.MomentForeverPayment.service.OutgoingPaymentOutboxService] to false
17:44:00,945 |-INFO in ch.qos.logback.core.model.processor.AppenderRefModelHandler - Attaching appender named [CONSOLE] to Logger[com.forvmom.MomentForeverPayment.service.OutgoingPaymentOutboxService]
17:44:00,945 |-INFO in ch.qos.logback.core.model.processor.AppenderRefModelHandler - Attaching appender named [FILE] to Logger[com.forvmom.MomentForeverPayment.service.OutgoingPaymentOutboxService]
17:44:00,945 |-INFO in ch.qos.logback.core.model.processor.AppenderRefModelHandler - Attaching appender named [OUTBOX_FILE] to Logger[com.forvmom.MomentForeverPayment.service.OutgoingPaymentOutboxService]
17:44:00,945 |-INFO in ch.qos.logback.classic.model.processor.LoggerModelHandler - Setting level of logger [com.forvmom.MomentForeverPayment.service.PaymentIncomingDeadLetterHandler] to ERROR
17:44:00,945 |-INFO in ch.qos.logback.classic.model.processor.LoggerModelHandler - Setting additivity of logger [com.forvmom.MomentForeverPayment.service.PaymentIncomingDeadLetterHandler] to false
17:44:00,945 |-INFO in ch.qos.logback.core.model.processor.AppenderRefModelHandler - Attaching appender named [CONSOLE] to Logger[com.forvmom.MomentForeverPayment.service.PaymentIncomingDeadLetterHandler]
17:44:00,945 |-INFO in ch.qos.logback.core.model.processor.AppenderRefModelHandler - Attaching appender named [FILE] to Logger[com.forvmom.MomentForeverPayment.service.PaymentIncomingDeadLetterHandler]
17:44:00,945 |-INFO in ch.qos.logback.core.model.processor.AppenderRefModelHandler - Attaching appender named [DEAD_LETTER_FILE] to Logger[com.forvmom.MomentForeverPayment.service.PaymentIncomingDeadLetterHandler]
17:44:00,945 |-INFO in ch.qos.logback.classic.model.processor.LoggerModelHandler - Setting level of logger [com.forvmom.MomentForeverPayment.service.PaymentOutgoingDeadLetterHandler] to ERROR
17:44:00,945 |-INFO in ch.qos.logback.classic.model.processor.LoggerModelHandler - Setting additivity of logger [com.forvmom.MomentForeverPayment.service.PaymentOutgoingDeadLetterHandler] to false
17:44:00,945 |-INFO in ch.qos.logback.core.model.processor.AppenderRefModelHandler - Attaching appender named [CONSOLE] to Logger[com.forvmom.MomentForeverPayment.service.PaymentOutgoingDeadLetterHandler]
17:44:00,945 |-INFO in ch.qos.logback.core.model.processor.AppenderRefModelHandler - Attaching appender named [FILE] to Logger[com.forvmom.MomentForeverPayment.service.PaymentOutgoingDeadLetterHandler]
17:44:00,945 |-INFO in ch.qos.logback.core.model.processor.AppenderRefModelHandler - Attaching appender named [DEAD_LETTER_FILE] to Logger[com.forvmom.MomentForeverPayment.service.PaymentOutgoingDeadLetterHandler]
17:44:00,945 |-INFO in ch.qos.logback.classic.model.processor.LoggerModelHandler - Setting level of logger [com.forvmom.MomentForeverPayment.consumer.PaymentRequestConsumer] to DEBUG
17:44:00,945 |-INFO in ch.qos.logback.classic.model.processor.LoggerModelHandler - Setting additivity of logger [com.forvmom.MomentForeverPayment.consumer.PaymentRequestConsumer] to false
17:44:00,945 |-INFO in ch.qos.logback.core.model.processor.AppenderRefModelHandler - Attaching appender named [CONSOLE] to Logger[com.forvmom.MomentForeverPayment.consumer.PaymentRequestConsumer]
17:44:00,945 |-INFO in ch.qos.logback.core.model.processor.AppenderRefModelHandler - Attaching appender named [FILE] to Logger[com.forvmom.MomentForeverPayment.consumer.PaymentRequestConsumer]
17:44:00,945 |-INFO in ch.qos.logback.classic.model.processor.LoggerModelHandler - Setting level of logger [com.forvmom.MomentForeverPayment.service.OutgoingPaymentPublisher] to DEBUG
17:44:00,945 |-INFO in ch.qos.logback.classic.model.processor.LoggerModelHandler - Setting additivity of logger [com.forvmom.MomentForeverPayment.service.OutgoingPaymentPublisher] to false
17:44:00,945 |-INFO in ch.qos.logback.core.model.processor.AppenderRefModelHandler - Attaching appender named [CONSOLE] to Logger[com.forvmom.MomentForeverPayment.service.OutgoingPaymentPublisher]
17:44:00,945 |-INFO in ch.qos.logback.core.model.processor.AppenderRefModelHandler - Attaching appender named [FILE] to Logger[com.forvmom.MomentForeverPayment.service.OutgoingPaymentPublisher]
17:44:00,946 |-INFO in ch.qos.logback.core.model.processor.AppenderRefModelHandler - Attaching appender named [OUTBOX_FILE] to Logger[com.forvmom.MomentForeverPayment.service.OutgoingPaymentPublisher]
17:44:00,946 |-INFO in ch.qos.logback.classic.model.processor.LoggerModelHandler - Setting level of logger [com.forvmom.MomentForeverPayment.scheduler] to INFO
17:44:00,946 |-INFO in ch.qos.logback.classic.model.processor.LoggerModelHandler - Setting additivity of logger [com.forvmom.MomentForeverPayment.scheduler] to false
17:44:00,946 |-INFO in ch.qos.logback.core.model.processor.AppenderRefModelHandler - Attaching appender named [CONSOLE] to Logger[com.forvmom.MomentForeverPayment.scheduler]
17:44:00,946 |-INFO in ch.qos.logback.core.model.processor.AppenderRefModelHandler - Attaching appender named [FILE] to Logger[com.forvmom.MomentForeverPayment.scheduler]
17:44:00,946 |-INFO in ch.qos.logback.classic.model.processor.LoggerModelHandler - Setting level of logger [org.quartz] to INFO
17:44:00,951 |-INFO in ch.qos.logback.classic.model.processor.LoggerModelHandler - Setting additivity of logger [org.quartz] to false
17:44:00,951 |-INFO in ch.qos.logback.core.model.processor.AppenderRefModelHandler - Attaching appender named [CONSOLE] to Logger[org.quartz]
17:44:00,951 |-INFO in ch.qos.logback.core.model.processor.AppenderRefModelHandler - Attaching appender named [FILE] to Logger[org.quartz]
17:44:00,951 |-INFO in ch.qos.logback.classic.model.processor.LoggerModelHandler - Setting level of logger [org.springframework.web] to INFO
17:44:00,951 |-INFO in ch.qos.logback.classic.model.processor.LoggerModelHandler - Setting additivity of logger [org.springframework.web] to false
17:44:00,951 |-INFO in ch.qos.logback.core.model.processor.AppenderRefModelHandler - Attaching appender named [CONSOLE] to Logger[org.springframework.web]
17:44:00,951 |-INFO in ch.qos.logback.core.model.processor.AppenderRefModelHandler - Attaching appender named [FILE] to Logger[org.springframework.web]
17:44:00,951 |-INFO in ch.qos.logback.classic.model.processor.LoggerModelHandler - Setting level of logger [org.hibernate.SQL] to DEBUG
17:44:00,951 |-INFO in ch.qos.logback.classic.model.processor.LoggerModelHandler - Setting additivity of logger [org.hibernate.SQL] to false
17:44:00,951 |-INFO in ch.qos.logback.core.model.processor.AppenderRefModelHandler - Attaching appender named [SQL_FILE] to Logger[org.hibernate.SQL]
17:44:00,951 |-INFO in ch.qos.logback.classic.model.processor.LoggerModelHandler - Setting level of logger [org.hibernate.type.descriptor.sql.BasicBinder] to TRACE
17:44:00,951 |-INFO in ch.qos.logback.classic.model.processor.LoggerModelHandler - Setting additivity of logger [org.hibernate.type.descriptor.sql.BasicBinder] to false
17:44:00,951 |-INFO in ch.qos.logback.core.model.processor.AppenderRefModelHandler - Attaching appender named [SQL_FILE] to Logger[org.hibernate.type.descriptor.sql.BasicBinder]
17:44:00,951 |-INFO in ch.qos.logback.classic.model.processor.LoggerModelHandler - Setting level of logger [org.apache.kafka] to INFO
17:44:00,951 |-INFO in ch.qos.logback.classic.model.processor.LoggerModelHandler - Setting additivity of logger [org.apache.kafka] to false
17:44:00,951 |-INFO in ch.qos.logback.core.model.processor.AppenderRefModelHandler - Attaching appender named [CONSOLE] to Logger[org.apache.kafka]
17:44:00,951 |-INFO in ch.qos.logback.core.model.processor.AppenderRefModelHandler - Attaching appender named [KAFKA_FILE] to Logger[org.apache.kafka]
17:44:00,951 |-INFO in ch.qos.logback.classic.model.processor.LoggerModelHandler - Setting level of logger [org.springframework.kafka] to DEBUG
17:44:00,951 |-INFO in ch.qos.logback.classic.model.processor.LoggerModelHandler - Setting additivity of logger [org.springframework.kafka] to false
17:44:00,951 |-INFO in ch.qos.logback.core.model.processor.AppenderRefModelHandler - Attaching appender named [CONSOLE] to Logger[org.springframework.kafka]
17:44:00,951 |-INFO in ch.qos.logback.core.model.processor.AppenderRefModelHandler - Attaching appender named [KAFKA_FILE] to Logger[org.springframework.kafka]
17:44:00,951 |-INFO in ch.qos.logback.classic.model.processor.LoggerModelHandler - Setting level of logger [org.springframework.kafka.listener.KafkaMessageListenerContainer] to INFO
17:44:00,951 |-INFO in ch.qos.logback.classic.model.processor.LoggerModelHandler - Setting additivity of logger [org.springframework.kafka.listener.KafkaMessageListenerContainer] to false
17:44:00,951 |-INFO in ch.qos.logback.core.model.processor.AppenderRefModelHandler - Attaching appender named [CONSOLE] to Logger[org.springframework.kafka.listener.KafkaMessageListenerContainer]
17:44:00,951 |-INFO in ch.qos.logback.core.model.processor.AppenderRefModelHandler - Attaching appender named [KAFKA_FILE] to Logger[org.springframework.kafka.listener.KafkaMessageListenerContainer]
17:44:00,951 |-INFO in ch.qos.logback.classic.model.processor.LoggerModelHandler - Setting level of logger [org.springframework.boot] to INFO
17:44:00,951 |-INFO in ch.qos.logback.classic.model.processor.LoggerModelHandler - Setting level of logger [org.apache] to WARN
17:44:00,951 |-INFO in ch.qos.logback.classic.model.processor.LoggerModelHandler - Setting level of logger [com.zaxxer.hikari] to INFO
17:44:00,951 |-INFO in ch.qos.logback.classic.model.processor.LoggerModelHandler - Setting level of logger [org.hibernate.validator] to WARN
17:44:00,951 |-INFO in ch.qos.logback.classic.model.processor.LoggerModelHandler - Setting level of logger [io.swagger] to WARN
17:44:00,951 |-INFO in ch.qos.logback.classic.model.processor.LoggerModelHandler - Setting level of logger [springfox] to WARN
17:44:00,952 |-INFO in ch.qos.logback.core.model.processor.DefaultProcessor@61df66b6 - End of configuration.
17:44:00,953 |-INFO in ch.qos.logback.classic.joran.JoranConfigurator@50eac852 - Registering current configuration as safe fallback point
17:44:00,953 |-INFO in ch.qos.logback.classic.util.ContextInitializer@2c767a52 - ch.qos.logback.classic.util.DefaultJoranConfigurator.configure() call lasted 204 milliseconds. ExecutionStatus=DO_NOT_INVOKE_NEXT_IF_ANY

17:44:01,355 |-INFO in ch.qos.logback.core.model.processor.AppenderModelHandler - Processing appender named [CONSOLE]
17:44:01,355 |-INFO in ch.qos.logback.core.model.processor.AppenderModelHandler - About to instantiate appender of type [ch.qos.logback.core.ConsoleAppender]
17:44:01,355 |-INFO in ch.qos.logback.core.model.processor.ImplicitModelHandler - Assuming default type [ch.qos.logback.classic.encoder.PatternLayoutEncoder] for [encoder] property
17:44:01,355 |-INFO in ch.qos.logback.core.model.processor.AppenderModelHandler - Processing appender named [FILE]
17:44:01,355 |-INFO in ch.qos.logback.core.model.processor.AppenderModelHandler - About to instantiate appender of type [ch.qos.logback.core.rolling.RollingFileAppender]
17:44:01,355 |-INFO in ch.qos.logback.core.model.processor.ImplicitModelHandler - Assuming default type [ch.qos.logback.classic.encoder.PatternLayoutEncoder] for [encoder] property
17:44:01,355 |-INFO in c.q.l.core.rolling.TimeBasedRollingPolicy@34073107 - No compression will be used
17:44:01,355 |-INFO in c.q.l.core.rolling.TimeBasedRollingPolicy@34073107 - Will use the pattern ./logs/moment-forever-payment-%d{yyyy-MM-dd}.%i.log for the active file
17:44:01,355 |-INFO in ch.qos.logback.core.rolling.SizeAndTimeBasedFNATP@4bff1903 - The date pattern is 'yyyy-MM-dd' from file name pattern './logs/moment-forever-payment-%d{yyyy-MM-dd}.%i.log'.
17:44:01,355 |-INFO in ch.qos.logback.core.rolling.SizeAndTimeBasedFNATP@4bff1903 - Roll-over at midnight.
17:44:01,357 |-INFO in ch.qos.logback.core.rolling.SizeAndTimeBasedFNATP@4bff1903 - Setting initial period to 2026-03-06T12:13:12.949Z
17:44:01,357 |-WARN in ch.qos.logback.core.rolling.SizeAndTimeBasedFNATP@4bff1903 - SizeAndTimeBasedFNATP is deprecated. Use SizeAndTimeBasedRollingPolicy instead
17:44:01,357 |-WARN in ch.qos.logback.core.rolling.SizeAndTimeBasedFNATP@4bff1903 - For more information see http://logback.qos.ch/manual/appenders.html#SizeAndTimeBasedRollingPolicy
17:44:01,357 |-INFO in ch.qos.logback.core.rolling.RollingFileAppender[FILE] - Active log file name: ./logs/moment-forever-payment.log
17:44:01,357 |-INFO in ch.qos.logback.core.rolling.RollingFileAppender[FILE] - File property is set to [./logs/moment-forever-payment.log]
17:44:01,357 |-INFO in ch.qos.logback.core.model.processor.AppenderModelHandler - Processing appender named [SQL_FILE]
17:44:01,357 |-INFO in ch.qos.logback.core.model.processor.AppenderModelHandler - About to instantiate appender of type [ch.qos.logback.core.rolling.RollingFileAppender]
17:44:01,357 |-INFO in ch.qos.logback.core.model.processor.ImplicitModelHandler - Assuming default type [ch.qos.logback.classic.encoder.PatternLayoutEncoder] for [encoder] property
17:44:01,358 |-INFO in c.q.l.core.rolling.TimeBasedRollingPolicy@1658512704 - No compression will be used
17:44:01,359 |-INFO in c.q.l.core.rolling.TimeBasedRollingPolicy@1658512704 - Will use the pattern ./logs/payment-sql-%d{yyyy-MM-dd}.log for the active file
17:44:01,360 |-INFO in c.q.l.core.rolling.DefaultTimeBasedFileNamingAndTriggeringPolicy - The date pattern is 'yyyy-MM-dd' from file name pattern './logs/payment-sql-%d{yyyy-MM-dd}.log'.
17:44:01,360 |-INFO in c.q.l.core.rolling.DefaultTimeBasedFileNamingAndTriggeringPolicy - Roll-over at midnight.
17:44:01,360 |-INFO in c.q.l.core.rolling.DefaultTimeBasedFileNamingAndTriggeringPolicy - Setting initial period to 2026-03-06T11:59:10.826Z
17:44:01,360 |-INFO in ch.qos.logback.core.rolling.RollingFileAppender[SQL_FILE] - Active log file name: ./logs/payment-sql.log
17:44:01,360 |-INFO in ch.qos.logback.core.rolling.RollingFileAppender[SQL_FILE] - File property is set to [./logs/payment-sql.log]
17:44:01,360 |-INFO in ch.qos.logback.core.model.processor.AppenderModelHandler - Processing appender named [KAFKA_FILE]
17:44:01,360 |-INFO in ch.qos.logback.core.model.processor.AppenderModelHandler - About to instantiate appender of type [ch.qos.logback.core.rolling.RollingFileAppender]
17:44:01,360 |-INFO in ch.qos.logback.core.model.processor.ImplicitModelHandler - Assuming default type [ch.qos.logback.classic.encoder.PatternLayoutEncoder] for [encoder] property
17:44:01,362 |-INFO in c.q.l.core.rolling.TimeBasedRollingPolicy@1478995734 - No compression will be used
17:44:01,362 |-INFO in c.q.l.core.rolling.TimeBasedRollingPolicy@1478995734 - Will use the pattern ./logs/payment-kafka-%d{yyyy-MM-dd}.log for the active file
17:44:01,362 |-INFO in c.q.l.core.rolling.DefaultTimeBasedFileNamingAndTriggeringPolicy - The date pattern is 'yyyy-MM-dd' from file name pattern './logs/payment-kafka-%d{yyyy-MM-dd}.log'.
17:44:01,362 |-INFO in c.q.l.core.rolling.DefaultTimeBasedFileNamingAndTriggeringPolicy - Roll-over at midnight.
17:44:01,363 |-INFO in c.q.l.core.rolling.DefaultTimeBasedFileNamingAndTriggeringPolicy - Setting initial period to 2026-03-06T11:32:39.954Z
17:44:01,363 |-INFO in ch.qos.logback.core.rolling.RollingFileAppender[KAFKA_FILE] - Active log file name: ./logs/payment-kafka.log
17:44:01,363 |-INFO in ch.qos.logback.core.rolling.RollingFileAppender[KAFKA_FILE] - File property is set to [./logs/payment-kafka.log]
17:44:01,363 |-INFO in ch.qos.logback.core.model.processor.AppenderModelHandler - Processing appender named [PAYMENT_FILE]
17:44:01,363 |-INFO in ch.qos.logback.core.model.processor.AppenderModelHandler - About to instantiate appender of type [ch.qos.logback.core.rolling.RollingFileAppender]
17:44:01,363 |-INFO in ch.qos.logback.core.model.processor.ImplicitModelHandler - Assuming default type [ch.qos.logback.classic.encoder.PatternLayoutEncoder] for [encoder] property
17:44:01,364 |-INFO in c.q.l.core.rolling.TimeBasedRollingPolicy@1699578227 - No compression will be used
17:44:01,364 |-INFO in c.q.l.core.rolling.TimeBasedRollingPolicy@1699578227 - Will use the pattern ./logs/payment-transactions-%d{yyyy-MM-dd}.log for the active file
17:44:01,364 |-INFO in c.q.l.core.rolling.DefaultTimeBasedFileNamingAndTriggeringPolicy - The date pattern is 'yyyy-MM-dd' from file name pattern './logs/payment-transactions-%d{yyyy-MM-dd}.log'.
17:44:01,364 |-INFO in c.q.l.core.rolling.DefaultTimeBasedFileNamingAndTriggeringPolicy - Roll-over at midnight.
17:44:01,364 |-INFO in c.q.l.core.rolling.DefaultTimeBasedFileNamingAndTriggeringPolicy - Setting initial period to 2026-03-06T11:32:39.956Z
17:44:01,364 |-INFO in ch.qos.logback.core.rolling.RollingFileAppender[PAYMENT_FILE] - Active log file name: ./logs/payment-transactions.log
17:44:01,364 |-INFO in ch.qos.logback.core.rolling.RollingFileAppender[PAYMENT_FILE] - File property is set to [./logs/payment-transactions.log]
17:44:01,364 |-INFO in ch.qos.logback.core.model.processor.AppenderModelHandler - Processing appender named [OUTBOX_FILE]
17:44:01,364 |-INFO in ch.qos.logback.core.model.processor.AppenderModelHandler - About to instantiate appender of type [ch.qos.logback.core.rolling.RollingFileAppender]
17:44:01,364 |-INFO in ch.qos.logback.core.model.processor.ImplicitModelHandler - Assuming default type [ch.qos.logback.classic.encoder.PatternLayoutEncoder] for [encoder] property
17:44:01,364 |-INFO in c.q.l.core.rolling.TimeBasedRollingPolicy@1456061400 - No compression will be used
17:44:01,365 |-INFO in c.q.l.core.rolling.TimeBasedRollingPolicy@1456061400 - Will use the pattern ./logs/payment-outbox-%d{yyyy-MM-dd}.log for the active file
17:44:01,365 |-INFO in c.q.l.core.rolling.DefaultTimeBasedFileNamingAndTriggeringPolicy - The date pattern is 'yyyy-MM-dd' from file name pattern './logs/payment-outbox-%d{yyyy-MM-dd}.log'.
17:44:01,365 |-INFO in c.q.l.core.rolling.DefaultTimeBasedFileNamingAndTriggeringPolicy - Roll-over at midnight.
17:44:01,365 |-INFO in c.q.l.core.rolling.DefaultTimeBasedFileNamingAndTriggeringPolicy - Setting initial period to 2026-03-06T11:32:39.957Z
17:44:01,365 |-INFO in ch.qos.logback.core.rolling.RollingFileAppender[OUTBOX_FILE] - Active log file name: ./logs/payment-outbox.log
17:44:01,365 |-INFO in ch.qos.logback.core.rolling.RollingFileAppender[OUTBOX_FILE] - File property is set to [./logs/payment-outbox.log]
17:44:01,365 |-INFO in ch.qos.logback.core.model.processor.AppenderModelHandler - Processing appender named [DEAD_LETTER_FILE]
17:44:01,365 |-INFO in ch.qos.logback.core.model.processor.AppenderModelHandler - About to instantiate appender of type [ch.qos.logback.core.rolling.RollingFileAppender]
17:44:01,365 |-INFO in ch.qos.logback.core.model.processor.ImplicitModelHandler - Assuming default type [ch.qos.logback.classic.encoder.PatternLayoutEncoder] for [encoder] property
17:44:01,366 |-INFO in c.q.l.core.rolling.TimeBasedRollingPolicy@1661777060 - No compression will be used
17:44:01,366 |-INFO in c.q.l.core.rolling.TimeBasedRollingPolicy@1661777060 - Will use the pattern ./logs/payment-dead-letter-%d{yyyy-MM-dd}.log for the active file
17:44:01,366 |-INFO in c.q.l.core.rolling.DefaultTimeBasedFileNamingAndTriggeringPolicy - The date pattern is 'yyyy-MM-dd' from file name pattern './logs/payment-dead-letter-%d{yyyy-MM-dd}.log'.
17:44:01,366 |-INFO in c.q.l.core.rolling.DefaultTimeBasedFileNamingAndTriggeringPolicy - Roll-over at midnight.
17:44:01,366 |-INFO in c.q.l.core.rolling.DefaultTimeBasedFileNamingAndTriggeringPolicy - Setting initial period to 2026-03-06T11:32:39.959Z
17:44:01,366 |-INFO in ch.qos.logback.core.rolling.RollingFileAppender[DEAD_LETTER_FILE] - Active log file name: ./logs/payment-dead-letter.log
17:44:01,366 |-INFO in ch.qos.logback.core.rolling.RollingFileAppender[DEAD_LETTER_FILE] - File property is set to [./logs/payment-dead-letter.log]
17:44:01,366 |-INFO in ch.qos.logback.classic.model.processor.RootLoggerModelHandler - Setting level of ROOT logger to INFO
17:44:01,367 |-INFO in ch.qos.logback.classic.jul.LevelChangePropagator@636e8cc - Propagating INFO level on Logger[ROOT] onto the JUL framework
17:44:01,367 |-INFO in ch.qos.logback.core.model.processor.AppenderRefModelHandler - Attaching appender named [CONSOLE] to Logger[ROOT]
17:44:01,367 |-INFO in ch.qos.logback.core.model.processor.AppenderRefModelHandler - Attaching appender named [FILE] to Logger[ROOT]
17:44:01,367 |-INFO in ch.qos.logback.classic.model.processor.LoggerModelHandler - Setting level of logger [com.forvmom.MomentForeverPayment] to DEBUG
17:44:01,367 |-INFO in ch.qos.logback.classic.jul.LevelChangePropagator@636e8cc - Propagating DEBUG level on Logger[com.forvmom.MomentForeverPayment] onto the JUL framework
17:44:01,368 |-INFO in ch.qos.logback.classic.model.processor.LoggerModelHandler - Setting additivity of logger [com.forvmom.MomentForeverPayment] to false
17:44:01,368 |-INFO in ch.qos.logback.core.model.processor.AppenderRefModelHandler - Attaching appender named [CONSOLE] to Logger[com.forvmom.MomentForeverPayment]
17:44:01,368 |-INFO in ch.qos.logback.core.model.processor.AppenderRefModelHandler - Attaching appender named [FILE] to Logger[com.forvmom.MomentForeverPayment]
17:44:01,368 |-INFO in ch.qos.logback.classic.model.processor.LoggerModelHandler - Setting level of logger [com.forvmom.MomentForeverPayment.service.PaymentService] to DEBUG
17:44:01,368 |-INFO in ch.qos.logback.classic.jul.LevelChangePropagator@636e8cc - Propagating DEBUG level on Logger[com.forvmom.MomentForeverPayment.service.PaymentService] onto the JUL framework
17:44:01,368 |-INFO in ch.qos.logback.classic.model.processor.LoggerModelHandler - Setting additivity of logger [com.forvmom.MomentForeverPayment.service.PaymentService] to false
17:44:01,368 |-INFO in ch.qos.logback.core.model.processor.AppenderRefModelHandler - Attaching appender named [CONSOLE] to Logger[com.forvmom.MomentForeverPayment.service.PaymentService]
17:44:01,368 |-INFO in ch.qos.logback.core.model.processor.AppenderRefModelHandler - Attaching appender named [FILE] to Logger[com.forvmom.MomentForeverPayment.service.PaymentService]
17:44:01,368 |-INFO in ch.qos.logback.core.model.processor.AppenderRefModelHandler - Attaching appender named [PAYMENT_FILE] to Logger[com.forvmom.MomentForeverPayment.service.PaymentService]
17:44:01,368 |-INFO in ch.qos.logback.classic.model.processor.LoggerModelHandler - Setting level of logger [com.forvmom.MomentForeverPayment.service.PaymentOutboxService] to DEBUG
17:44:01,368 |-INFO in ch.qos.logback.classic.jul.LevelChangePropagator@636e8cc - Propagating DEBUG level on Logger[com.forvmom.MomentForeverPayment.service.PaymentOutboxService] onto the JUL framework
17:44:01,368 |-INFO in ch.qos.logback.classic.model.processor.LoggerModelHandler - Setting additivity of logger [com.forvmom.MomentForeverPayment.service.PaymentOutboxService] to false
17:44:01,368 |-INFO in ch.qos.logback.core.model.processor.AppenderRefModelHandler - Attaching appender named [CONSOLE] to Logger[com.forvmom.MomentForeverPayment.service.PaymentOutboxService]
17:44:01,368 |-INFO in ch.qos.logback.core.model.processor.AppenderRefModelHandler - Attaching appender named [FILE] to Logger[com.forvmom.MomentForeverPayment.service.PaymentOutboxService]
17:44:01,368 |-INFO in ch.qos.logback.core.model.processor.AppenderRefModelHandler - Attaching appender named [OUTBOX_FILE] to Logger[com.forvmom.MomentForeverPayment.service.PaymentOutboxService]
17:44:01,368 |-INFO in ch.qos.logback.classic.model.processor.LoggerModelHandler - Setting level of logger [com.forvmom.MomentForeverPayment.service.OutgoingPaymentOutboxService] to DEBUG
17:44:01,368 |-INFO in ch.qos.logback.classic.jul.LevelChangePropagator@636e8cc - Propagating DEBUG level on Logger[com.forvmom.MomentForeverPayment.service.OutgoingPaymentOutboxService] onto the JUL framework
17:44:01,368 |-INFO in ch.qos.logback.classic.model.processor.LoggerModelHandler - Setting additivity of logger [com.forvmom.MomentForeverPayment.service.OutgoingPaymentOutboxService] to false
17:44:01,368 |-INFO in ch.qos.logback.core.model.processor.AppenderRefModelHandler - Attaching appender named [CONSOLE] to Logger[com.forvmom.MomentForeverPayment.service.OutgoingPaymentOutboxService]
17:44:01,368 |-INFO in ch.qos.logback.core.model.processor.AppenderRefModelHandler - Attaching appender named [FILE] to Logger[com.forvmom.MomentForeverPayment.service.OutgoingPaymentOutboxService]
17:44:01,368 |-INFO in ch.qos.logback.core.model.processor.AppenderRefModelHandler - Attaching appender named [OUTBOX_FILE] to Logger[com.forvmom.MomentForeverPayment.service.OutgoingPaymentOutboxService]
17:44:01,368 |-INFO in ch.qos.logback.classic.model.processor.LoggerModelHandler - Setting level of logger [com.forvmom.MomentForeverPayment.service.PaymentIncomingDeadLetterHandler] to ERROR
17:44:01,368 |-INFO in ch.qos.logback.classic.jul.LevelChangePropagator@636e8cc - Propagating ERROR level on Logger[com.forvmom.MomentForeverPayment.service.PaymentIncomingDeadLetterHandler] onto the JUL framework
17:44:01,368 |-INFO in ch.qos.logback.classic.model.processor.LoggerModelHandler - Setting additivity of logger [com.forvmom.MomentForeverPayment.service.PaymentIncomingDeadLetterHandler] to false
17:44:01,368 |-INFO in ch.qos.logback.core.model.processor.AppenderRefModelHandler - Attaching appender named [CONSOLE] to Logger[com.forvmom.MomentForeverPayment.service.PaymentIncomingDeadLetterHandler]
17:44:01,368 |-INFO in ch.qos.logback.core.model.processor.AppenderRefModelHandler - Attaching appender named [FILE] to Logger[com.forvmom.MomentForeverPayment.service.PaymentIncomingDeadLetterHandler]
17:44:01,368 |-INFO in ch.qos.logback.core.model.processor.AppenderRefModelHandler - Attaching appender named [DEAD_LETTER_FILE] to Logger[com.forvmom.MomentForeverPayment.service.PaymentIncomingDeadLetterHandler]
17:44:01,368 |-INFO in ch.qos.logback.classic.model.processor.LoggerModelHandler - Setting level of logger [com.forvmom.MomentForeverPayment.service.PaymentOutgoingDeadLetterHandler] to ERROR
17:44:01,368 |-INFO in ch.qos.logback.classic.jul.LevelChangePropagator@636e8cc - Propagating ERROR level on Logger[com.forvmom.MomentForeverPayment.service.PaymentOutgoingDeadLetterHandler] onto the JUL framework
17:44:01,368 |-INFO in ch.qos.logback.classic.model.processor.LoggerModelHandler - Setting additivity of logger [com.forvmom.MomentForeverPayment.service.PaymentOutgoingDeadLetterHandler] to false
17:44:01,368 |-INFO in ch.qos.logback.core.model.processor.AppenderRefModelHandler - Attaching appender named [CONSOLE] to Logger[com.forvmom.MomentForeverPayment.service.PaymentOutgoingDeadLetterHandler]
17:44:01,368 |-INFO in ch.qos.logback.core.model.processor.AppenderRefModelHandler - Attaching appender named [FILE] to Logger[com.forvmom.MomentForeverPayment.service.PaymentOutgoingDeadLetterHandler]
17:44:01,368 |-INFO in ch.qos.logback.core.model.processor.AppenderRefModelHandler - Attaching appender named [DEAD_LETTER_FILE] to Logger[com.forvmom.MomentForeverPayment.service.PaymentOutgoingDeadLetterHandler]
17:44:01,368 |-INFO in ch.qos.logback.classic.model.processor.LoggerModelHandler - Setting level of logger [com.forvmom.MomentForeverPayment.consumer.PaymentRequestConsumer] to DEBUG
17:44:01,368 |-INFO in ch.qos.logback.classic.jul.LevelChangePropagator@636e8cc - Propagating DEBUG level on Logger[com.forvmom.MomentForeverPayment.consumer.PaymentRequestConsumer] onto the JUL framework
17:44:01,368 |-INFO in ch.qos.logback.classic.model.processor.LoggerModelHandler - Setting additivity of logger [com.forvmom.MomentForeverPayment.consumer.PaymentRequestConsumer] to false
17:44:01,368 |-INFO in ch.qos.logback.core.model.processor.AppenderRefModelHandler - Attaching appender named [CONSOLE] to Logger[com.forvmom.MomentForeverPayment.consumer.PaymentRequestConsumer]
17:44:01,368 |-INFO in ch.qos.logback.core.model.processor.AppenderRefModelHandler - Attaching appender named [FILE] to Logger[com.forvmom.MomentForeverPayment.consumer.PaymentRequestConsumer]
17:44:01,368 |-INFO in ch.qos.logback.classic.model.processor.LoggerModelHandler - Setting level of logger [com.forvmom.MomentForeverPayment.service.OutgoingPaymentPublisher] to DEBUG
17:44:01,368 |-INFO in ch.qos.logback.classic.jul.LevelChangePropagator@636e8cc - Propagating DEBUG level on Logger[com.forvmom.MomentForeverPayment.service.OutgoingPaymentPublisher] onto the JUL framework
17:44:01,368 |-INFO in ch.qos.logback.classic.model.processor.LoggerModelHandler - Setting additivity of logger [com.forvmom.MomentForeverPayment.service.OutgoingPaymentPublisher] to false
17:44:01,368 |-INFO in ch.qos.logback.core.model.processor.AppenderRefModelHandler - Attaching appender named [CONSOLE] to Logger[com.forvmom.MomentForeverPayment.service.OutgoingPaymentPublisher]
17:44:01,368 |-INFO in ch.qos.logback.core.model.processor.AppenderRefModelHandler - Attaching appender named [FILE] to Logger[com.forvmom.MomentForeverPayment.service.OutgoingPaymentPublisher]
17:44:01,368 |-INFO in ch.qos.logback.core.model.processor.AppenderRefModelHandler - Attaching appender named [OUTBOX_FILE] to Logger[com.forvmom.MomentForeverPayment.service.OutgoingPaymentPublisher]
17:44:01,368 |-INFO in ch.qos.logback.classic.model.processor.LoggerModelHandler - Setting level of logger [com.forvmom.MomentForeverPayment.scheduler] to INFO
17:44:01,368 |-INFO in ch.qos.logback.classic.jul.LevelChangePropagator@636e8cc - Propagating INFO level on Logger[com.forvmom.MomentForeverPayment.scheduler] onto the JUL framework
17:44:01,368 |-INFO in ch.qos.logback.classic.model.processor.LoggerModelHandler - Setting additivity of logger [com.forvmom.MomentForeverPayment.scheduler] to false
17:44:01,368 |-INFO in ch.qos.logback.core.model.processor.AppenderRefModelHandler - Attaching appender named [CONSOLE] to Logger[com.forvmom.MomentForeverPayment.scheduler]
17:44:01,368 |-INFO in ch.qos.logback.core.model.processor.AppenderRefModelHandler - Attaching appender named [FILE] to Logger[com.forvmom.MomentForeverPayment.scheduler]
17:44:01,368 |-INFO in ch.qos.logback.classic.model.processor.LoggerModelHandler - Setting level of logger [org.quartz] to INFO
17:44:01,368 |-INFO in ch.qos.logback.classic.jul.LevelChangePropagator@636e8cc - Propagating INFO level on Logger[org.quartz] onto the JUL framework
17:44:01,368 |-INFO in ch.qos.logback.classic.model.processor.LoggerModelHandler - Setting additivity of logger [org.quartz] to false
17:44:01,368 |-INFO in ch.qos.logback.core.model.processor.AppenderRefModelHandler - Attaching appender named [CONSOLE] to Logger[org.quartz]
17:44:01,368 |-INFO in ch.qos.logback.core.model.processor.AppenderRefModelHandler - Attaching appender named [FILE] to Logger[org.quartz]
17:44:01,368 |-INFO in ch.qos.logback.classic.model.processor.LoggerModelHandler - Setting level of logger [org.springframework.web] to INFO
17:44:01,368 |-INFO in ch.qos.logback.classic.jul.LevelChangePropagator@636e8cc - Propagating INFO level on Logger[org.springframework.web] onto the JUL framework
17:44:01,368 |-INFO in ch.qos.logback.classic.model.processor.LoggerModelHandler - Setting additivity of logger [org.springframework.web] to false
17:44:01,368 |-INFO in ch.qos.logback.core.model.processor.AppenderRefModelHandler - Attaching appender named [CONSOLE] to Logger[org.springframework.web]
17:44:01,368 |-INFO in ch.qos.logback.core.model.processor.AppenderRefModelHandler - Attaching appender named [FILE] to Logger[org.springframework.web]
17:44:01,368 |-INFO in ch.qos.logback.classic.model.processor.LoggerModelHandler - Setting level of logger [org.hibernate.SQL] to DEBUG
17:44:01,368 |-INFO in ch.qos.logback.classic.jul.LevelChangePropagator@636e8cc - Propagating DEBUG level on Logger[org.hibernate.SQL] onto the JUL framework
17:44:01,368 |-INFO in ch.qos.logback.classic.model.processor.LoggerModelHandler - Setting additivity of logger [org.hibernate.SQL] to false
17:44:01,368 |-INFO in ch.qos.logback.core.model.processor.AppenderRefModelHandler - Attaching appender named [SQL_FILE] to Logger[org.hibernate.SQL]
17:44:01,368 |-INFO in ch.qos.logback.classic.model.processor.LoggerModelHandler - Setting level of logger [org.hibernate.type.descriptor.sql.BasicBinder] to TRACE
17:44:01,368 |-INFO in ch.qos.logback.classic.jul.LevelChangePropagator@636e8cc - Propagating TRACE level on Logger[org.hibernate.type.descriptor.sql.BasicBinder] onto the JUL framework
17:44:01,368 |-INFO in ch.qos.logback.classic.model.processor.LoggerModelHandler - Setting additivity of logger [org.hibernate.type.descriptor.sql.BasicBinder] to false
17:44:01,368 |-INFO in ch.qos.logback.core.model.processor.AppenderRefModelHandler - Attaching appender named [SQL_FILE] to Logger[org.hibernate.type.descriptor.sql.BasicBinder]
17:44:01,368 |-INFO in ch.qos.logback.classic.model.processor.LoggerModelHandler - Setting level of logger [org.apache.kafka] to INFO
17:44:01,368 |-INFO in ch.qos.logback.classic.jul.LevelChangePropagator@636e8cc - Propagating INFO level on Logger[org.apache.kafka] onto the JUL framework
17:44:01,368 |-INFO in ch.qos.logback.classic.model.processor.LoggerModelHandler - Setting additivity of logger [org.apache.kafka] to false
17:44:01,368 |-INFO in ch.qos.logback.core.model.processor.AppenderRefModelHandler - Attaching appender named [CONSOLE] to Logger[org.apache.kafka]
17:44:01,368 |-INFO in ch.qos.logback.core.model.processor.AppenderRefModelHandler - Attaching appender named [KAFKA_FILE] to Logger[org.apache.kafka]
17:44:01,368 |-INFO in ch.qos.logback.classic.model.processor.LoggerModelHandler - Setting level of logger [org.springframework.kafka] to DEBUG
17:44:01,368 |-INFO in ch.qos.logback.classic.jul.LevelChangePropagator@636e8cc - Propagating DEBUG level on Logger[org.springframework.kafka] onto the JUL framework
17:44:01,368 |-INFO in ch.qos.logback.classic.model.processor.LoggerModelHandler - Setting additivity of logger [org.springframework.kafka] to false
17:44:01,368 |-INFO in ch.qos.logback.core.model.processor.AppenderRefModelHandler - Attaching appender named [CONSOLE] to Logger[org.springframework.kafka]
17:44:01,368 |-INFO in ch.qos.logback.core.model.processor.AppenderRefModelHandler - Attaching appender named [KAFKA_FILE] to Logger[org.springframework.kafka]
17:44:01,369 |-INFO in ch.qos.logback.classic.model.processor.LoggerModelHandler - Setting level of logger [org.springframework.kafka.listener.KafkaMessageListenerContainer] to INFO
17:44:01,369 |-INFO in ch.qos.logback.classic.jul.LevelChangePropagator@636e8cc - Propagating INFO level on Logger[org.springframework.kafka.listener.KafkaMessageListenerContainer] onto the JUL framework
17:44:01,369 |-INFO in ch.qos.logback.classic.model.processor.LoggerModelHandler - Setting additivity of logger [org.springframework.kafka.listener.KafkaMessageListenerContainer] to false
17:44:01,369 |-INFO in ch.qos.logback.core.model.processor.AppenderRefModelHandler - Attaching appender named [CONSOLE] to Logger[org.springframework.kafka.listener.KafkaMessageListenerContainer]
17:44:01,369 |-INFO in ch.qos.logback.core.model.processor.AppenderRefModelHandler - Attaching appender named [KAFKA_FILE] to Logger[org.springframework.kafka.listener.KafkaMessageListenerContainer]
17:44:01,369 |-INFO in ch.qos.logback.classic.model.processor.LoggerModelHandler - Setting level of logger [org.springframework.boot] to INFO
17:44:01,369 |-INFO in ch.qos.logback.classic.jul.LevelChangePropagator@636e8cc - Propagating INFO level on Logger[org.springframework.boot] onto the JUL framework
17:44:01,369 |-INFO in ch.qos.logback.classic.model.processor.LoggerModelHandler - Setting level of logger [org.apache] to WARN
17:44:01,369 |-INFO in ch.qos.logback.classic.jul.LevelChangePropagator@636e8cc - Propagating WARN level on Logger[org.apache] onto the JUL framework
17:44:01,369 |-INFO in ch.qos.logback.classic.model.processor.LoggerModelHandler - Setting level of logger [com.zaxxer.hikari] to INFO
17:44:01,369 |-INFO in ch.qos.logback.classic.jul.LevelChangePropagator@636e8cc - Propagating INFO level on Logger[com.zaxxer.hikari] onto the JUL framework
17:44:01,369 |-INFO in ch.qos.logback.classic.model.processor.LoggerModelHandler - Setting level of logger [org.hibernate.validator] to WARN
17:44:01,369 |-INFO in ch.qos.logback.classic.jul.LevelChangePropagator@636e8cc - Propagating WARN level on Logger[org.hibernate.validator] onto the JUL framework
17:44:01,369 |-INFO in ch.qos.logback.classic.model.processor.LoggerModelHandler - Setting level of logger [io.swagger] to WARN
17:44:01,369 |-INFO in ch.qos.logback.classic.jul.LevelChangePropagator@636e8cc - Propagating WARN level on Logger[io.swagger] onto the JUL framework
17:44:01,369 |-INFO in ch.qos.logback.classic.model.processor.LoggerModelHandler - Setting level of logger [springfox] to WARN
17:44:01,369 |-INFO in ch.qos.logback.classic.jul.LevelChangePropagator@636e8cc - Propagating WARN level on Logger[springfox] onto the JUL framework
17:44:01,369 |-INFO in ch.qos.logback.core.model.processor.DefaultProcessor@f79a760 - End of configuration.
17:44:01,369 |-INFO in org.springframework.boot.logging.logback.SpringBootJoranConfigurator@14f5da2c - Registering current configuration as safe fallback point


  .   ____          _            __ _ _
 /\\ / ___'_ __ _ _(_)_ __  __ _ \ \ \ \
( ( )\___ | '_ | '_| | '_ \/ _` | \ \ \ \
 \\/  ___)| |_)| | | | | || (_| |  ) ) ) )
  '  |____| .__|_| |_|_| |_\__, | / / / /
 =========|_|==============|___/=/_/_/_/
 :: Spring Boot ::                (v3.1.5)

2026-03-06 17:44:01.448 [main] [34mINFO [0;39m [36mc.f.M.PaymentServiceApplication[0;39m - Starting PaymentServiceApplication using Java 17.0.12 with PID 30820 (C:\DOCKER_FOLDER\local-dev\moment-forever-payment\target\classes started by Manish Sharma in C:\DOCKER_FOLDER\local-dev\moment-forever-payment)
2026-03-06 17:44:01.449 [main] [39mDEBUG[0;39m [36mc.f.M.PaymentServiceApplication[0;39m - Running with Spring Boot v3.1.5, Spring v6.0.13
2026-03-06 17:44:01.449 [main] [34mINFO [0;39m [36mc.f.M.PaymentServiceApplication[0;39m - No active profile set, falling back to 1 default profile: "default"
2026-03-06 17:44:02.338 [main] [34mINFO [0;39m [36mo.s.d.r.c.RepositoryConfigurationDelegate[0;39m - Bootstrapping Spring Data JPA repositories in DEFAULT mode.
2026-03-06 17:44:02.467 [main] [34mINFO [0;39m [36mo.s.d.r.c.RepositoryConfigurationDelegate[0;39m - Finished Spring Data repository scanning in 122 ms. Found 2 JPA repository interfaces.
2026-03-06 17:44:02.693 [main] [34mINFO [0;39m [36mo.s.cloud.context.scope.GenericScope[0;39m - BeanFactory id=cbfabea3-0d53-32e2-a436-32964cad7434
2026-03-06 17:44:02.889 [main] [1;31mERROR[0;39m [36mo.a.c.core.AprLifecycleListener[0;39m - An incompatible version [1.2.31] of the Apache Tomcat Native library is installed, while Tomcat requires version [1.2.34]
2026-03-06 17:44:03.131 [main] [34mINFO [0;39m [36mo.s.b.w.e.tomcat.TomcatWebServer[0;39m - Tomcat initialized with port(s): 8086 (http)
2026-03-06 17:44:03.268 [main] [34mINFO [0;39m [36mo.s.b.w.s.c.ServletWebServerApplicationContext[0;39m - Root WebApplicationContext: initialization completed in 1779 ms
2026-03-06 17:44:03.566 [main] [34mINFO [0;39m [36mo.h.jpa.internal.util.LogHelper[0;39m - HHH000204: Processing PersistenceUnitInfo [name: default]
2026-03-06 17:44:03.624 [main] [34mINFO [0;39m [36morg.hibernate.Version[0;39m - HHH000412: Hibernate ORM core version 6.2.13.Final
2026-03-06 17:44:03.628 [main] [34mINFO [0;39m [36morg.hibernate.cfg.Environment[0;39m - HHH000406: Using bytecode reflection optimizer
2026-03-06 17:44:03.914 [main] [34mINFO [0;39m [36mo.s.o.j.p.SpringPersistenceUnitInfo[0;39m - No LoadTimeWeaver setup: ignoring JPA class transformer
2026-03-06 17:44:03.948 [main] [34mINFO [0;39m [36mcom.zaxxer.hikari.HikariDataSource[0;39m - HikariPool-1 - Starting...
2026-03-06 17:44:04.133 [main] [34mINFO [0;39m [36mcom.zaxxer.hikari.pool.HikariPool[0;39m - HikariPool-1 - Added connection org.postgresql.jdbc.PgConnection@565a6af
2026-03-06 17:44:04.135 [main] [34mINFO [0;39m [36mcom.zaxxer.hikari.HikariDataSource[0;39m - HikariPool-1 - Start completed.
2026-03-06 17:44:04.183 [main] [31mWARN [0;39m [36morg.hibernate.orm.deprecation[0;39m - HHH90000025: PostgreSQLDialect does not need to be specified explicitly using 'hibernate.dialect' (remove the property setting and it will be selected by default)
2026-03-06 17:44:05.452 [main] [34mINFO [0;39m [36mo.h.e.t.j.p.i.JtaPlatformInitiator[0;39m - HHH000489: No JTA platform available (set 'hibernate.transaction.jta.platform' to enable JTA platform integration)
2026-03-06 17:44:05.521 [main] [34mINFO [0;39m [36mo.s.o.j.LocalContainerEntityManagerFactoryBean[0;39m - Initialized JPA EntityManagerFactory for persistence unit 'default'
2026-03-06 17:44:05.852 [main] [34mINFO [0;39m [36mo.s.d.j.r.query.QueryEnhancerFactory[0;39m - Hibernate is in classpath; If applicable, HQL parser will be used.
2026-03-06 17:44:07.319 [main] [34mINFO [0;39m [36morg.quartz.impl.StdSchedulerFactory[0;39m - Using default implementation for ThreadExecutor
2026-03-06 17:44:07.330 [main] [34mINFO [0;39m [36mo.quartz.core.SchedulerSignalerImpl[0;39m - Initialized Scheduler Signaller of type: class org.quartz.core.SchedulerSignalerImpl
2026-03-06 17:44:07.330 [main] [34mINFO [0;39m [36morg.quartz.core.QuartzScheduler[0;39m - Quartz Scheduler v.2.3.2 created.
2026-03-06 17:44:07.334 [main] [34mINFO [0;39m [36mo.s.s.quartz.LocalDataSourceJobStore[0;39m - Using db table-based data access locking (synchronization).
2026-03-06 17:44:07.335 [main] [34mINFO [0;39m [36mo.s.s.quartz.LocalDataSourceJobStore[0;39m - JobStoreCMT initialized.
2026-03-06 17:44:07.336 [main] [34mINFO [0;39m [36morg.quartz.core.QuartzScheduler[0;39m - Scheduler meta-data: Quartz Scheduler (v2.3.2) 'paymentScheduler' with instanceId 'NON_CLUSTERED'
  Scheduler class: 'org.quartz.core.QuartzScheduler' - running locally.
  NOT STARTED.
  Currently in standby mode.
  Number of jobs executed: 0
  Using thread pool 'org.quartz.simpl.SimpleThreadPool' - with 5 threads.
  Using job-store 'org.springframework.scheduling.quartz.LocalDataSourceJobStore' - which supports persistence. and is not clustered.

2026-03-06 17:44:07.336 [main] [34mINFO [0;39m [36morg.quartz.impl.StdSchedulerFactory[0;39m - Quartz scheduler 'paymentScheduler' initialized from an externally provided properties instance.
2026-03-06 17:44:07.336 [main] [34mINFO [0;39m [36morg.quartz.impl.StdSchedulerFactory[0;39m - Quartz scheduler version: 2.3.2
2026-03-06 17:44:07.336 [main] [34mINFO [0;39m [36morg.quartz.core.QuartzScheduler[0;39m - JobFactory set to: org.springframework.scheduling.quartz.SpringBeanJobFactory@efa6a81
2026-03-06 17:44:07.767 [main] [31mWARN [0;39m [36mo.s.c.l.c.LoadBalancerCacheAutoConfiguration$LoadBalancerCaffeineWarnLogger[0;39m - Spring Cloud LoadBalancer is currently working with the default cache. While this cache implementation is useful for development and tests, it's recommended to use Caffeine cache in production.You can switch to using Caffeine cache, by adding it and org.springframework.cache.caffeine.CaffeineCacheManager to the classpath.
2026-03-06 17:44:07.878 [main] [34mINFO [0;39m [36mo.s.b.w.e.tomcat.TomcatWebServer[0;39m - Tomcat started on port(s): 8086 (http) with context path '/payment'
2026-03-06 17:44:07.893 [main] [34mINFO [0;39m [36mo.s.c.c.s.ConsulServiceRegistry[0;39m - Registering service with consul: NewService{id='moment-forever-payment-5174600886fe98ac664121ad87256b72', name='moment-forever-payment', tags=[contextPath=/payment], address='host.docker.internal', meta={secure=false}, port=8086, enableTagOverride=null, check=Check{script='null', dockerContainerID='null', shell='null', interval='10s', ttl='null', http='http://host.docker.internal:8083/actuator/health', method='null', header={}, tcp='null', timeout='null', deregisterCriticalServiceAfter='null', tlsSkipVerify=null, status='null', grpc='null', grpcUseTLS=null}, checks=null}
2026-03-06 17:44:07.914 [main] [1;31mERROR[0;39m [36mo.s.c.c.s.ConsulServiceRegistry[0;39m - Error registering service with consul: NewService{id='moment-forever-payment-5174600886fe98ac664121ad87256b72', name='moment-forever-payment', tags=[contextPath=/payment], address='host.docker.internal', meta={secure=false}, port=8086, enableTagOverride=null, check=Check{script='null', dockerContainerID='null', shell='null', interval='10s', ttl='null', http='http://host.docker.internal:8083/actuator/health', method='null', header={}, tcp='null', timeout='null', deregisterCriticalServiceAfter='null', tlsSkipVerify=null, status='null', grpc='null', grpcUseTLS=null}, checks=null}
com.ecwid.consul.transport.TransportException: org.apache.http.conn.HttpHostConnectException: Connect to localhost:8500 [localhost/127.0.0.1, localhost/0:0:0:0:0:0:0:1] failed: Connection refused: no further information
	at com.ecwid.consul.transport.AbstractHttpTransport.executeRequest(AbstractHttpTransport.java:83)
	at com.ecwid.consul.transport.AbstractHttpTransport.makePutRequest(AbstractHttpTransport.java:49)
	at com.ecwid.consul.v1.ConsulRawClient.makePutRequest(ConsulRawClient.java:163)
	at com.ecwid.consul.v1.agent.AgentConsulClient.agentServiceRegister(AgentConsulClient.java:273)
	at com.ecwid.consul.v1.ConsulClient.agentServiceRegister(ConsulClient.java:310)
	at org.springframework.cloud.consul.serviceregistry.ConsulServiceRegistry.register(ConsulServiceRegistry.java:67)
	at org.springframework.cloud.consul.serviceregistry.ConsulServiceRegistry.register(ConsulServiceRegistry.java:43)
	at org.springframework.cloud.client.serviceregistry.AbstractAutoServiceRegistration.register(AbstractAutoServiceRegistration.java:264)
	at org.springframework.cloud.consul.serviceregistry.ConsulAutoServiceRegistration.register(ConsulAutoServiceRegistration.java:80)
	at org.springframework.cloud.client.serviceregistry.AbstractAutoServiceRegistration.start(AbstractAutoServiceRegistration.java:156)
	at org.springframework.cloud.consul.serviceregistry.ConsulAutoServiceRegistration.start(ConsulAutoServiceRegistration.java:70)
	at java.base/jdk.internal.reflect.NativeMethodAccessorImpl.invoke0(Native Method)
	at java.base/jdk.internal.reflect.NativeMethodAccessorImpl.invoke(NativeMethodAccessorImpl.java:77)
	at java.base/jdk.internal.reflect.DelegatingMethodAccessorImpl.invoke(DelegatingMethodAccessorImpl.java:43)
	at java.base/java.lang.reflect.Method.invoke(Method.java:568)
	at org.springframework.aop.support.AopUtils.invokeJoinpointUsingReflection(AopUtils.java:343)
	at org.springframework.aop.framework.ReflectiveMethodInvocation.invokeJoinpoint(ReflectiveMethodInvocation.java:196)
	at org.springframework.aop.framework.ReflectiveMethodInvocation.proceed(ReflectiveMethodInvocation.java:163)
	at org.springframework.aop.framework.CglibAopProxy$CglibMethodInvocation.proceed(CglibAopProxy.java:751)
	at org.springframework.retry.interceptor.RetryOperationsInterceptor$1.doWithRetry(RetryOperationsInterceptor.java:102)
	at org.springframework.retry.support.RetryTemplate.doExecute(RetryTemplate.java:329)
	at org.springframework.retry.support.RetryTemplate.execute(RetryTemplate.java:209)
	at org.springframework.retry.interceptor.RetryOperationsInterceptor.invoke(RetryOperationsInterceptor.java:135)
	at org.springframework.retry.annotation.AnnotationAwareRetryOperationsInterceptor.invoke(AnnotationAwareRetryOperationsInterceptor.java:160)
	at org.springframework.aop.framework.ReflectiveMethodInvocation.proceed(ReflectiveMethodInvocation.java:184)
	at org.springframework.aop.framework.CglibAopProxy$CglibMethodInvocation.proceed(CglibAopProxy.java:751)
	at org.springframework.aop.framework.CglibAopProxy$DynamicAdvisedInterceptor.intercept(CglibAopProxy.java:703)
	at org.springframework.cloud.consul.serviceregistry.ConsulAutoServiceRegistration$$SpringCGLIB$$0.start(<generated>)
	at org.springframework.cloud.consul.serviceregistry.ConsulAutoServiceRegistrationListener.onApplicationEvent(ConsulAutoServiceRegistrationListener.java:60)
	at org.springframework.context.event.SimpleApplicationEventMulticaster.doInvokeListener(SimpleApplicationEventMulticaster.java:174)
	at org.springframework.context.event.SimpleApplicationEventMulticaster.invokeListener(SimpleApplicationEventMulticaster.java:167)
	at org.springframework.context.event.SimpleApplicationEventMulticaster.multicastEvent(SimpleApplicationEventMulticaster.java:145)
	at org.springframework.context.support.AbstractApplicationContext.publishEvent(AbstractApplicationContext.java:445)
	at org.springframework.context.support.AbstractApplicationContext.publishEvent(AbstractApplicationContext.java:378)
	at org.springframework.boot.web.servlet.context.WebServerStartStopLifecycle.start(WebServerStartStopLifecycle.java:47)
	at org.springframework.context.support.DefaultLifecycleProcessor.doStart(DefaultLifecycleProcessor.java:179)
	at org.springframework.context.support.DefaultLifecycleProcessor$LifecycleGroup.start(DefaultLifecycleProcessor.java:357)
	at java.base/java.lang.Iterable.forEach(Iterable.java:75)
	at org.springframework.context.support.DefaultLifecycleProcessor.startBeans(DefaultLifecycleProcessor.java:156)
	at org.springframework.context.support.DefaultLifecycleProcessor.onRefresh(DefaultLifecycleProcessor.java:124)
	at org.springframework.context.support.AbstractApplicationContext.finishRefresh(AbstractApplicationContext.java:966)
	at org.springframework.context.support.AbstractApplicationContext.refresh(AbstractApplicationContext.java:619)
	at org.springframework.boot.web.servlet.context.ServletWebServerApplicationContext.refresh(ServletWebServerApplicationContext.java:146)
	at org.springframework.boot.SpringApplication.refresh(SpringApplication.java:738)
	at org.springframework.boot.SpringApplication.refreshContext(SpringApplication.java:440)
	at org.springframework.boot.SpringApplication.run(SpringApplication.java:316)
	at org.springframework.boot.SpringApplication.run(SpringApplication.java:1306)
	at org.springframework.boot.SpringApplication.run(SpringApplication.java:1295)
	at com.forvmom.MomentForeverPayment.PaymentServiceApplication.main(PaymentServiceApplication.java:11)
Caused by: org.apache.http.conn.HttpHostConnectException: Connect to localhost:8500 [localhost/127.0.0.1, localhost/0:0:0:0:0:0:0:1] failed: Connection refused: no further information
	at org.apache.http.impl.conn.DefaultHttpClientConnectionOperator.connect(DefaultHttpClientConnectionOperator.java:156)
	at org.apache.http.impl.conn.PoolingHttpClientConnectionManager.connect(PoolingHttpClientConnectionManager.java:376)
	at org.apache.http.impl.execchain.MainClientExec.establishRoute(MainClientExec.java:393)
	at org.apache.http.impl.execchain.MainClientExec.execute(MainClientExec.java:236)
	at org.apache.http.impl.execchain.ProtocolExec.execute(ProtocolExec.java:186)
	at org.apache.http.impl.execchain.RetryExec.execute(RetryExec.java:89)
	at org.apache.http.impl.execchain.RedirectExec.execute(RedirectExec.java:110)
	at org.apache.http.impl.client.InternalHttpClient.doExecute(InternalHttpClient.java:185)
	at org.apache.http.impl.client.CloseableHttpClient.execute(CloseableHttpClient.java:72)
	at org.apache.http.impl.client.CloseableHttpClient.execute(CloseableHttpClient.java:221)
	at org.apache.http.impl.client.CloseableHttpClient.execute(CloseableHttpClient.java:165)
	at org.apache.http.impl.client.CloseableHttpClient.execute(CloseableHttpClient.java:140)
	at com.ecwid.consul.transport.AbstractHttpTransport.executeRequest(AbstractHttpTransport.java:70)
	... 48 common frames omitted
Caused by: java.net.ConnectException: Connection refused: no further information
	at java.base/sun.nio.ch.Net.pollConnect(Native Method)
	at java.base/sun.nio.ch.Net.pollConnectNow(Net.java:672)
	at java.base/sun.nio.ch.NioSocketImpl.timedFinishConnect(NioSocketImpl.java:547)
	at java.base/sun.nio.ch.NioSocketImpl.connect(NioSocketImpl.java:602)
	at java.base/java.net.SocksSocketImpl.connect(SocksSocketImpl.java:327)
	at java.base/java.net.Socket.connect(Socket.java:633)
	at org.apache.http.conn.socket.PlainConnectionSocketFactory.connectSocket(PlainConnectionSocketFactory.java:75)
	at org.apache.http.impl.conn.DefaultHttpClientConnectionOperator.connect(DefaultHttpClientConnectionOperator.java:142)
	... 60 common frames omitted
2026-03-06 17:44:07.935 [catalogWatchTaskScheduler-1] [1;31mERROR[0;39m [36mo.s.c.c.discovery.ConsulCatalogWatch[0;39m - Error watching Consul CatalogServices
com.ecwid.consul.transport.TransportException: org.apache.http.conn.HttpHostConnectException: Connect to localhost:8500 [localhost/127.0.0.1, localhost/0:0:0:0:0:0:0:1] failed: Connection refused: no further information
	at com.ecwid.consul.transport.AbstractHttpTransport.executeRequest(AbstractHttpTransport.java:83)
	at com.ecwid.consul.transport.AbstractHttpTransport.makeGetRequest(AbstractHttpTransport.java:36)
	at com.ecwid.consul.v1.ConsulRawClient.makeGetRequest(ConsulRawClient.java:139)
	at com.ecwid.consul.v1.catalog.CatalogConsulClient.getCatalogServices(CatalogConsulClient.java:143)
	at com.ecwid.consul.v1.ConsulClient.getCatalogServices(ConsulClient.java:400)
	at org.springframework.cloud.consul.discovery.ConsulCatalogWatch.catalogServicesWatch(ConsulCatalogWatch.java:130)
	at org.springframework.scheduling.support.DelegatingErrorHandlingRunnable.run(DelegatingErrorHandlingRunnable.java:54)
	at java.base/java.util.concurrent.Executors$RunnableAdapter.call(Executors.java:539)
	at java.base/java.util.concurrent.FutureTask.runAndReset(FutureTask.java:305)
	at java.base/java.util.concurrent.ScheduledThreadPoolExecutor$ScheduledFutureTask.run(ScheduledThreadPoolExecutor.java:305)
	at java.base/java.util.concurrent.ThreadPoolExecutor.runWorker(ThreadPoolExecutor.java:1136)
	at java.base/java.util.concurrent.ThreadPoolExecutor$Worker.run(ThreadPoolExecutor.java:635)
	at java.base/java.lang.Thread.run(Thread.java:842)
Caused by: org.apache.http.conn.HttpHostConnectException: Connect to localhost:8500 [localhost/127.0.0.1, localhost/0:0:0:0:0:0:0:1] failed: Connection refused: no further information
	at org.apache.http.impl.conn.DefaultHttpClientConnectionOperator.connect(DefaultHttpClientConnectionOperator.java:156)
	at org.apache.http.impl.conn.PoolingHttpClientConnectionManager.connect(PoolingHttpClientConnectionManager.java:376)
	at org.apache.http.impl.execchain.MainClientExec.establishRoute(MainClientExec.java:393)
	at org.apache.http.impl.execchain.MainClientExec.execute(MainClientExec.java:236)
	at org.apache.http.impl.execchain.ProtocolExec.execute(ProtocolExec.java:186)
	at org.apache.http.impl.execchain.RetryExec.execute(RetryExec.java:89)
	at org.apache.http.impl.execchain.RedirectExec.execute(RedirectExec.java:110)
	at org.apache.http.impl.client.InternalHttpClient.doExecute(InternalHttpClient.java:185)
	at org.apache.http.impl.client.CloseableHttpClient.execute(CloseableHttpClient.java:72)
	at org.apache.http.impl.client.CloseableHttpClient.execute(CloseableHttpClient.java:221)
	at org.apache.http.impl.client.CloseableHttpClient.execute(CloseableHttpClient.java:165)
	at org.apache.http.impl.client.CloseableHttpClient.execute(CloseableHttpClient.java:140)
	at com.ecwid.consul.transport.AbstractHttpTransport.executeRequest(AbstractHttpTransport.java:70)
	... 12 common frames omitted
Caused by: java.net.ConnectException: Connection refused: no further information
	at java.base/sun.nio.ch.Net.pollConnect(Native Method)
	at java.base/sun.nio.ch.Net.pollConnectNow(Net.java:672)
	at java.base/sun.nio.ch.NioSocketImpl.timedFinishConnect(NioSocketImpl.java:547)
	at java.base/sun.nio.ch.NioSocketImpl.connect(NioSocketImpl.java:602)
	at java.base/java.net.SocksSocketImpl.connect(SocksSocketImpl.java:327)
	at java.base/java.net.Socket.connect(Socket.java:633)
	at org.apache.http.conn.socket.PlainConnectionSocketFactory.connectSocket(PlainConnectionSocketFactory.java:75)
	at org.apache.http.impl.conn.DefaultHttpClientConnectionOperator.connect(DefaultHttpClientConnectionOperator.java:142)
	... 24 common frames omitted
2026-03-06 17:44:08.923 [main] [34mINFO [0;39m [36mo.s.c.c.s.ConsulServiceRegistry[0;39m - Registering service with consul: NewService{id='moment-forever-payment-5174600886fe98ac664121ad87256b72', name='moment-forever-payment', tags=[contextPath=/payment], address='host.docker.internal', meta={secure=false}, port=8086, enableTagOverride=null, check=Check{script='null', dockerContainerID='null', shell='null', interval='10s', ttl='null', http='http://host.docker.internal:8083/actuator/health', method='null', header={}, tcp='null', timeout='null', deregisterCriticalServiceAfter='null', tlsSkipVerify=null, status='null', grpc='null', grpcUseTLS=null}, checks=null}
2026-03-06 17:44:08.953 [main] [1;31mERROR[0;39m [36mo.s.c.c.s.ConsulServiceRegistry[0;39m - Error registering service with consul: NewService{id='moment-forever-payment-5174600886fe98ac664121ad87256b72', name='moment-forever-payment', tags=[contextPath=/payment], address='host.docker.internal', meta={secure=false}, port=8086, enableTagOverride=null, check=Check{script='null', dockerContainerID='null', shell='null', interval='10s', ttl='null', http='http://host.docker.internal:8083/actuator/health', method='null', header={}, tcp='null', timeout='null', deregisterCriticalServiceAfter='null', tlsSkipVerify=null, status='null', grpc='null', grpcUseTLS=null}, checks=null}
com.ecwid.consul.transport.TransportException: org.apache.http.conn.HttpHostConnectException: Connect to localhost:8500 [localhost/127.0.0.1, localhost/0:0:0:0:0:0:0:1] failed: Connection refused: no further information
	at com.ecwid.consul.transport.AbstractHttpTransport.executeRequest(AbstractHttpTransport.java:83)
	at com.ecwid.consul.transport.AbstractHttpTransport.makePutRequest(AbstractHttpTransport.java:49)
	at com.ecwid.consul.v1.ConsulRawClient.makePutRequest(ConsulRawClient.java:163)
	at com.ecwid.consul.v1.agent.AgentConsulClient.agentServiceRegister(AgentConsulClient.java:273)
	at com.ecwid.consul.v1.ConsulClient.agentServiceRegister(ConsulClient.java:310)
	at org.springframework.cloud.consul.serviceregistry.ConsulServiceRegistry.register(ConsulServiceRegistry.java:67)
	at org.springframework.cloud.consul.serviceregistry.ConsulServiceRegistry.register(ConsulServiceRegistry.java:43)
	at org.springframework.cloud.client.serviceregistry.AbstractAutoServiceRegistration.register(AbstractAutoServiceRegistration.java:264)
	at org.springframework.cloud.consul.serviceregistry.ConsulAutoServiceRegistration.register(ConsulAutoServiceRegistration.java:80)
	at org.springframework.cloud.client.serviceregistry.AbstractAutoServiceRegistration.start(AbstractAutoServiceRegistration.java:156)
	at org.springframework.cloud.consul.serviceregistry.ConsulAutoServiceRegistration.start(ConsulAutoServiceRegistration.java:70)
	at java.base/jdk.internal.reflect.NativeMethodAccessorImpl.invoke0(Native Method)
	at java.base/jdk.internal.reflect.NativeMethodAccessorImpl.invoke(NativeMethodAccessorImpl.java:77)
	at java.base/jdk.internal.reflect.DelegatingMethodAccessorImpl.invoke(DelegatingMethodAccessorImpl.java:43)
	at java.base/java.lang.reflect.Method.invoke(Method.java:568)
	at org.springframework.aop.support.AopUtils.invokeJoinpointUsingReflection(AopUtils.java:343)
	at org.springframework.aop.framework.ReflectiveMethodInvocation.invokeJoinpoint(ReflectiveMethodInvocation.java:196)
	at org.springframework.aop.framework.ReflectiveMethodInvocation.proceed(ReflectiveMethodInvocation.java:163)
	at org.springframework.aop.framework.CglibAopProxy$CglibMethodInvocation.proceed(CglibAopProxy.java:751)
	at org.springframework.retry.interceptor.RetryOperationsInterceptor$1.doWithRetry(RetryOperationsInterceptor.java:102)
	at org.springframework.retry.support.RetryTemplate.doExecute(RetryTemplate.java:329)
	at org.springframework.retry.support.RetryTemplate.execute(RetryTemplate.java:209)
	at org.springframework.retry.interceptor.RetryOperationsInterceptor.invoke(RetryOperationsInterceptor.java:135)
	at org.springframework.retry.annotation.AnnotationAwareRetryOperationsInterceptor.invoke(AnnotationAwareRetryOperationsInterceptor.java:160)
	at org.springframework.aop.framework.ReflectiveMethodInvocation.proceed(ReflectiveMethodInvocation.java:184)
	at org.springframework.aop.framework.CglibAopProxy$CglibMethodInvocation.proceed(CglibAopProxy.java:751)
	at org.springframework.aop.framework.CglibAopProxy$DynamicAdvisedInterceptor.intercept(CglibAopProxy.java:703)
	at org.springframework.cloud.consul.serviceregistry.ConsulAutoServiceRegistration$$SpringCGLIB$$0.start(<generated>)
	at org.springframework.cloud.consul.serviceregistry.ConsulAutoServiceRegistrationListener.onApplicationEvent(ConsulAutoServiceRegistrationListener.java:60)
	at org.springframework.context.event.SimpleApplicationEventMulticaster.doInvokeListener(SimpleApplicationEventMulticaster.java:174)
	at org.springframework.context.event.SimpleApplicationEventMulticaster.invokeListener(SimpleApplicationEventMulticaster.java:167)
	at org.springframework.context.event.SimpleApplicationEventMulticaster.multicastEvent(SimpleApplicationEventMulticaster.java:145)
	at org.springframework.context.support.AbstractApplicationContext.publishEvent(AbstractApplicationContext.java:445)
	at org.springframework.context.support.AbstractApplicationContext.publishEvent(AbstractApplicationContext.java:378)
	at org.springframework.boot.web.servlet.context.WebServerStartStopLifecycle.start(WebServerStartStopLifecycle.java:47)
	at org.springframework.context.support.DefaultLifecycleProcessor.doStart(DefaultLifecycleProcessor.java:179)
	at org.springframework.context.support.DefaultLifecycleProcessor$LifecycleGroup.start(DefaultLifecycleProcessor.java:357)
	at java.base/java.lang.Iterable.forEach(Iterable.java:75)
	at org.springframework.context.support.DefaultLifecycleProcessor.startBeans(DefaultLifecycleProcessor.java:156)
	at org.springframework.context.support.DefaultLifecycleProcessor.onRefresh(DefaultLifecycleProcessor.java:124)
	at org.springframework.context.support.AbstractApplicationContext.finishRefresh(AbstractApplicationContext.java:966)
	at org.springframework.context.support.AbstractApplicationContext.refresh(AbstractApplicationContext.java:619)
	at org.springframework.boot.web.servlet.context.ServletWebServerApplicationContext.refresh(ServletWebServerApplicationContext.java:146)
	at org.springframework.boot.SpringApplication.refresh(SpringApplication.java:738)
	at org.springframework.boot.SpringApplication.refreshContext(SpringApplication.java:440)
	at org.springframework.boot.SpringApplication.run(SpringApplication.java:316)
	at org.springframework.boot.SpringApplication.run(SpringApplication.java:1306)
	at org.springframework.boot.SpringApplication.run(SpringApplication.java:1295)
	at com.forvmom.MomentForeverPayment.PaymentServiceApplication.main(PaymentServiceApplication.java:11)
Caused by: org.apache.http.conn.HttpHostConnectException: Connect to localhost:8500 [localhost/127.0.0.1, localhost/0:0:0:0:0:0:0:1] failed: Connection refused: no further information
	at org.apache.http.impl.conn.DefaultHttpClientConnectionOperator.connect(DefaultHttpClientConnectionOperator.java:156)
	at org.apache.http.impl.conn.PoolingHttpClientConnectionManager.connect(PoolingHttpClientConnectionManager.java:376)
	at org.apache.http.impl.execchain.MainClientExec.establishRoute(MainClientExec.java:393)
	at org.apache.http.impl.execchain.MainClientExec.execute(MainClientExec.java:236)
	at org.apache.http.impl.execchain.ProtocolExec.execute(ProtocolExec.java:186)
	at org.apache.http.impl.execchain.RetryExec.execute(RetryExec.java:89)
	at org.apache.http.impl.execchain.RedirectExec.execute(RedirectExec.java:110)
	at org.apache.http.impl.client.InternalHttpClient.doExecute(InternalHttpClient.java:185)
	at org.apache.http.impl.client.CloseableHttpClient.execute(CloseableHttpClient.java:72)
	at org.apache.http.impl.client.CloseableHttpClient.execute(CloseableHttpClient.java:221)
	at org.apache.http.impl.client.CloseableHttpClient.execute(CloseableHttpClient.java:165)
	at org.apache.http.impl.client.CloseableHttpClient.execute(CloseableHttpClient.java:140)
	at com.ecwid.consul.transport.AbstractHttpTransport.executeRequest(AbstractHttpTransport.java:70)
	... 48 common frames omitted
Caused by: java.net.ConnectException: Connection refused: no further information
	at java.base/sun.nio.ch.Net.pollConnect(Native Method)
	at java.base/sun.nio.ch.Net.pollConnectNow(Net.java:672)
	at java.base/sun.nio.ch.NioSocketImpl.timedFinishConnect(NioSocketImpl.java:547)
	at java.base/sun.nio.ch.NioSocketImpl.connect(NioSocketImpl.java:602)
	at java.base/java.net.SocksSocketImpl.connect(SocksSocketImpl.java:327)
	at java.base/java.net.Socket.connect(Socket.java:633)
	at org.apache.http.conn.socket.PlainConnectionSocketFactory.connectSocket(PlainConnectionSocketFactory.java:75)
	at org.apache.http.impl.conn.DefaultHttpClientConnectionOperator.connect(DefaultHttpClientConnectionOperator.java:142)
	... 60 common frames omitted
2026-03-06 17:44:08.969 [catalogWatchTaskScheduler-1] [1;31mERROR[0;39m [36mo.s.c.c.discovery.ConsulCatalogWatch[0;39m - Error watching Consul CatalogServices
com.ecwid.consul.transport.TransportException: org.apache.http.conn.HttpHostConnectException: Connect to localhost:8500 [localhost/127.0.0.1, localhost/0:0:0:0:0:0:0:1] failed: Connection refused: no further information
	at com.ecwid.consul.transport.AbstractHttpTransport.executeRequest(AbstractHttpTransport.java:83)
	at com.ecwid.consul.transport.AbstractHttpTransport.makeGetRequest(AbstractHttpTransport.java:36)
	at com.ecwid.consul.v1.ConsulRawClient.makeGetRequest(ConsulRawClient.java:139)
	at com.ecwid.consul.v1.catalog.CatalogConsulClient.getCatalogServices(CatalogConsulClient.java:143)
	at com.ecwid.consul.v1.ConsulClient.getCatalogServices(ConsulClient.java:400)
	at org.springframework.cloud.consul.discovery.ConsulCatalogWatch.catalogServicesWatch(ConsulCatalogWatch.java:130)
	at org.springframework.scheduling.support.DelegatingErrorHandlingRunnable.run(DelegatingErrorHandlingRunnable.java:54)
	at java.base/java.util.concurrent.Executors$RunnableAdapter.call(Executors.java:539)
	at java.base/java.util.concurrent.FutureTask.runAndReset(FutureTask.java:305)
	at java.base/java.util.concurrent.ScheduledThreadPoolExecutor$ScheduledFutureTask.run(ScheduledThreadPoolExecutor.java:305)
	at java.base/java.util.concurrent.ThreadPoolExecutor.runWorker(ThreadPoolExecutor.java:1136)
	at java.base/java.util.concurrent.ThreadPoolExecutor$Worker.run(ThreadPoolExecutor.java:635)
	at java.base/java.lang.Thread.run(Thread.java:842)
Caused by: org.apache.http.conn.HttpHostConnectException: Connect to localhost:8500 [localhost/127.0.0.1, localhost/0:0:0:0:0:0:0:1] failed: Connection refused: no further information
	at org.apache.http.impl.conn.DefaultHttpClientConnectionOperator.connect(DefaultHttpClientConnectionOperator.java:156)
	at org.apache.http.impl.conn.PoolingHttpClientConnectionManager.connect(PoolingHttpClientConnectionManager.java:376)
	at org.apache.http.impl.execchain.MainClientExec.establishRoute(MainClientExec.java:393)
	at org.apache.http.impl.execchain.MainClientExec.execute(MainClientExec.java:236)
	at org.apache.http.impl.execchain.ProtocolExec.execute(ProtocolExec.java:186)
	at org.apache.http.impl.execchain.RetryExec.execute(RetryExec.java:89)
	at org.apache.http.impl.execchain.RedirectExec.execute(RedirectExec.java:110)
	at org.apache.http.impl.client.InternalHttpClient.doExecute(InternalHttpClient.java:185)
	at org.apache.http.impl.client.CloseableHttpClient.execute(CloseableHttpClient.java:72)
	at org.apache.http.impl.client.CloseableHttpClient.execute(CloseableHttpClient.java:221)
	at org.apache.http.impl.client.CloseableHttpClient.execute(CloseableHttpClient.java:165)
	at org.apache.http.impl.client.CloseableHttpClient.execute(CloseableHttpClient.java:140)
	at com.ecwid.consul.transport.AbstractHttpTransport.executeRequest(AbstractHttpTransport.java:70)
	... 12 common frames omitted
Caused by: java.net.ConnectException: Connection refused: no further information
	at java.base/sun.nio.ch.Net.pollConnect(Native Method)
	at java.base/sun.nio.ch.Net.pollConnectNow(Net.java:672)
	at java.base/sun.nio.ch.NioSocketImpl.timedFinishConnect(NioSocketImpl.java:547)
	at java.base/sun.nio.ch.NioSocketImpl.connect(NioSocketImpl.java:602)
	at java.base/java.net.SocksSocketImpl.connect(SocksSocketImpl.java:327)
	at java.base/java.net.Socket.connect(Socket.java:633)
	at org.apache.http.conn.socket.PlainConnectionSocketFactory.connectSocket(PlainConnectionSocketFactory.java:75)
	at org.apache.http.impl.conn.DefaultHttpClientConnectionOperator.connect(DefaultHttpClientConnectionOperator.java:142)
	... 24 common frames omitted
2026-03-06 17:44:10.002 [catalogWatchTaskScheduler-1] [1;31mERROR[0;39m [36mo.s.c.c.discovery.ConsulCatalogWatch[0;39m - Error watching Consul CatalogServices
com.ecwid.consul.transport.TransportException: org.apache.http.conn.HttpHostConnectException: Connect to localhost:8500 [localhost/127.0.0.1, localhost/0:0:0:0:0:0:0:1] failed: Connection refused: no further information
	at com.ecwid.consul.transport.AbstractHttpTransport.executeRequest(AbstractHttpTransport.java:83)
	at com.ecwid.consul.transport.AbstractHttpTransport.makeGetRequest(AbstractHttpTransport.java:36)
	at com.ecwid.consul.v1.ConsulRawClient.makeGetRequest(ConsulRawClient.java:139)
	at com.ecwid.consul.v1.catalog.CatalogConsulClient.getCatalogServices(CatalogConsulClient.java:143)
	at com.ecwid.consul.v1.ConsulClient.getCatalogServices(ConsulClient.java:400)
	at org.springframework.cloud.consul.discovery.ConsulCatalogWatch.catalogServicesWatch(ConsulCatalogWatch.java:130)
	at org.springframework.scheduling.support.DelegatingErrorHandlingRunnable.run(DelegatingErrorHandlingRunnable.java:54)
	at java.base/java.util.concurrent.Executors$RunnableAdapter.call(Executors.java:539)
	at java.base/java.util.concurrent.FutureTask.runAndReset(FutureTask.java:305)
	at java.base/java.util.concurrent.ScheduledThreadPoolExecutor$ScheduledFutureTask.run(ScheduledThreadPoolExecutor.java:305)
	at java.base/java.util.concurrent.ThreadPoolExecutor.runWorker(ThreadPoolExecutor.java:1136)
	at java.base/java.util.concurrent.ThreadPoolExecutor$Worker.run(ThreadPoolExecutor.java:635)
	at java.base/java.lang.Thread.run(Thread.java:842)
Caused by: org.apache.http.conn.HttpHostConnectException: Connect to localhost:8500 [localhost/127.0.0.1, localhost/0:0:0:0:0:0:0:1] failed: Connection refused: no further information
	at org.apache.http.impl.conn.DefaultHttpClientConnectionOperator.connect(DefaultHttpClientConnectionOperator.java:156)
	at org.apache.http.impl.conn.PoolingHttpClientConnectionManager.connect(PoolingHttpClientConnectionManager.java:376)
	at org.apache.http.impl.execchain.MainClientExec.establishRoute(MainClientExec.java:393)
	at org.apache.http.impl.execchain.MainClientExec.execute(MainClientExec.java:236)
	at org.apache.http.impl.execchain.ProtocolExec.execute(ProtocolExec.java:186)
	at org.apache.http.impl.execchain.RetryExec.execute(RetryExec.java:89)
	at org.apache.http.impl.execchain.RedirectExec.execute(RedirectExec.java:110)
	at org.apache.http.impl.client.InternalHttpClient.doExecute(InternalHttpClient.java:185)
	at org.apache.http.impl.client.CloseableHttpClient.execute(CloseableHttpClient.java:72)
	at org.apache.http.impl.client.CloseableHttpClient.execute(CloseableHttpClient.java:221)
	at org.apache.http.impl.client.CloseableHttpClient.execute(CloseableHttpClient.java:165)
	at org.apache.http.impl.client.CloseableHttpClient.execute(CloseableHttpClient.java:140)
	at com.ecwid.consul.transport.AbstractHttpTransport.executeRequest(AbstractHttpTransport.java:70)
	... 12 common frames omitted
Caused by: java.net.ConnectException: Connection refused: no further information
	at java.base/sun.nio.ch.Net.pollConnect(Native Method)
	at java.base/sun.nio.ch.Net.pollConnectNow(Net.java:672)
	at java.base/sun.nio.ch.NioSocketImpl.timedFinishConnect(NioSocketImpl.java:547)
	at java.base/sun.nio.ch.NioSocketImpl.connect(NioSocketImpl.java:602)
	at java.base/java.net.SocksSocketImpl.connect(SocksSocketImpl.java:327)
	at java.base/java.net.Socket.connect(Socket.java:633)
	at org.apache.http.conn.socket.PlainConnectionSocketFactory.connectSocket(PlainConnectionSocketFactory.java:75)
	at org.apache.http.impl.conn.DefaultHttpClientConnectionOperator.connect(DefaultHttpClientConnectionOperator.java:142)
	... 24 common frames omitted
2026-03-06 17:44:10.063 [main] [34mINFO [0;39m [36mo.s.c.c.s.ConsulServiceRegistry[0;39m - Registering service with consul: NewService{id='moment-forever-payment-5174600886fe98ac664121ad87256b72', name='moment-forever-payment', tags=[contextPath=/payment], address='host.docker.internal', meta={secure=false}, port=8086, enableTagOverride=null, check=Check{script='null', dockerContainerID='null', shell='null', interval='10s', ttl='null', http='http://host.docker.internal:8083/actuator/health', method='null', header={}, tcp='null', timeout='null', deregisterCriticalServiceAfter='null', tlsSkipVerify=null, status='null', grpc='null', grpcUseTLS=null}, checks=null}
2026-03-06 17:44:10.094 [main] [1;31mERROR[0;39m [36mo.s.c.c.s.ConsulServiceRegistry[0;39m - Error registering service with consul: NewService{id='moment-forever-payment-5174600886fe98ac664121ad87256b72', name='moment-forever-payment', tags=[contextPath=/payment], address='host.docker.internal', meta={secure=false}, port=8086, enableTagOverride=null, check=Check{script='null', dockerContainerID='null', shell='null', interval='10s', ttl='null', http='http://host.docker.internal:8083/actuator/health', method='null', header={}, tcp='null', timeout='null', deregisterCriticalServiceAfter='null', tlsSkipVerify=null, status='null', grpc='null', grpcUseTLS=null}, checks=null}
com.ecwid.consul.transport.TransportException: org.apache.http.conn.HttpHostConnectException: Connect to localhost:8500 [localhost/127.0.0.1, localhost/0:0:0:0:0:0:0:1] failed: Connection refused: no further information
	at com.ecwid.consul.transport.AbstractHttpTransport.executeRequest(AbstractHttpTransport.java:83)
	at com.ecwid.consul.transport.AbstractHttpTransport.makePutRequest(AbstractHttpTransport.java:49)
	at com.ecwid.consul.v1.ConsulRawClient.makePutRequest(ConsulRawClient.java:163)
	at com.ecwid.consul.v1.agent.AgentConsulClient.agentServiceRegister(AgentConsulClient.java:273)
	at com.ecwid.consul.v1.ConsulClient.agentServiceRegister(ConsulClient.java:310)
	at org.springframework.cloud.consul.serviceregistry.ConsulServiceRegistry.register(ConsulServiceRegistry.java:67)
	at org.springframework.cloud.consul.serviceregistry.ConsulServiceRegistry.register(ConsulServiceRegistry.java:43)
	at org.springframework.cloud.client.serviceregistry.AbstractAutoServiceRegistration.register(AbstractAutoServiceRegistration.java:264)
	at org.springframework.cloud.consul.serviceregistry.ConsulAutoServiceRegistration.register(ConsulAutoServiceRegistration.java:80)
	at org.springframework.cloud.client.serviceregistry.AbstractAutoServiceRegistration.start(AbstractAutoServiceRegistration.java:156)
	at org.springframework.cloud.consul.serviceregistry.ConsulAutoServiceRegistration.start(ConsulAutoServiceRegistration.java:70)
	at java.base/jdk.internal.reflect.NativeMethodAccessorImpl.invoke0(Native Method)
	at java.base/jdk.internal.reflect.NativeMethodAccessorImpl.invoke(NativeMethodAccessorImpl.java:77)
	at java.base/jdk.internal.reflect.DelegatingMethodAccessorImpl.invoke(DelegatingMethodAccessorImpl.java:43)
	at java.base/java.lang.reflect.Method.invoke(Method.java:568)
	at org.springframework.aop.support.AopUtils.invokeJoinpointUsingReflection(AopUtils.java:343)
	at org.springframework.aop.framework.ReflectiveMethodInvocation.invokeJoinpoint(ReflectiveMethodInvocation.java:196)
	at org.springframework.aop.framework.ReflectiveMethodInvocation.proceed(ReflectiveMethodInvocation.java:163)
	at org.springframework.aop.framework.CglibAopProxy$CglibMethodInvocation.proceed(CglibAopProxy.java:751)
	at org.springframework.retry.interceptor.RetryOperationsInterceptor$1.doWithRetry(RetryOperationsInterceptor.java:102)
	at org.springframework.retry.support.RetryTemplate.doExecute(RetryTemplate.java:329)
	at org.springframework.retry.support.RetryTemplate.execute(RetryTemplate.java:209)
	at org.springframework.retry.interceptor.RetryOperationsInterceptor.invoke(RetryOperationsInterceptor.java:135)
	at org.springframework.retry.annotation.AnnotationAwareRetryOperationsInterceptor.invoke(AnnotationAwareRetryOperationsInterceptor.java:160)
	at org.springframework.aop.framework.ReflectiveMethodInvocation.proceed(ReflectiveMethodInvocation.java:184)
	at org.springframework.aop.framework.CglibAopProxy$CglibMethodInvocation.proceed(CglibAopProxy.java:751)
	at org.springframework.aop.framework.CglibAopProxy$DynamicAdvisedInterceptor.intercept(CglibAopProxy.java:703)
	at org.springframework.cloud.consul.serviceregistry.ConsulAutoServiceRegistration$$SpringCGLIB$$0.start(<generated>)
	at org.springframework.cloud.consul.serviceregistry.ConsulAutoServiceRegistrationListener.onApplicationEvent(ConsulAutoServiceRegistrationListener.java:60)
	at org.springframework.context.event.SimpleApplicationEventMulticaster.doInvokeListener(SimpleApplicationEventMulticaster.java:174)
	at org.springframework.context.event.SimpleApplicationEventMulticaster.invokeListener(SimpleApplicationEventMulticaster.java:167)
	at org.springframework.context.event.SimpleApplicationEventMulticaster.multicastEvent(SimpleApplicationEventMulticaster.java:145)
	at org.springframework.context.support.AbstractApplicationContext.publishEvent(AbstractApplicationContext.java:445)
	at org.springframework.context.support.AbstractApplicationContext.publishEvent(AbstractApplicationContext.java:378)
	at org.springframework.boot.web.servlet.context.WebServerStartStopLifecycle.start(WebServerStartStopLifecycle.java:47)
	at org.springframework.context.support.DefaultLifecycleProcessor.doStart(DefaultLifecycleProcessor.java:179)
	at org.springframework.context.support.DefaultLifecycleProcessor$LifecycleGroup.start(DefaultLifecycleProcessor.java:357)
	at java.base/java.lang.Iterable.forEach(Iterable.java:75)
	at org.springframework.context.support.DefaultLifecycleProcessor.startBeans(DefaultLifecycleProcessor.java:156)
	at org.springframework.context.support.DefaultLifecycleProcessor.onRefresh(DefaultLifecycleProcessor.java:124)
	at org.springframework.context.support.AbstractApplicationContext.finishRefresh(AbstractApplicationContext.java:966)
	at org.springframework.context.support.AbstractApplicationContext.refresh(AbstractApplicationContext.java:619)
	at org.springframework.boot.web.servlet.context.ServletWebServerApplicationContext.refresh(ServletWebServerApplicationContext.java:146)
	at org.springframework.boot.SpringApplication.refresh(SpringApplication.java:738)
	at org.springframework.boot.SpringApplication.refreshContext(SpringApplication.java:440)
	at org.springframework.boot.SpringApplication.run(SpringApplication.java:316)
	at org.springframework.boot.SpringApplication.run(SpringApplication.java:1306)
	at org.springframework.boot.SpringApplication.run(SpringApplication.java:1295)
	at com.forvmom.MomentForeverPayment.PaymentServiceApplication.main(PaymentServiceApplication.java:11)
Caused by: org.apache.http.conn.HttpHostConnectException: Connect to localhost:8500 [localhost/127.0.0.1, localhost/0:0:0:0:0:0:0:1] failed: Connection refused: no further information
	at org.apache.http.impl.conn.DefaultHttpClientConnectionOperator.connect(DefaultHttpClientConnectionOperator.java:156)
	at org.apache.http.impl.conn.PoolingHttpClientConnectionManager.connect(PoolingHttpClientConnectionManager.java:376)
	at org.apache.http.impl.execchain.MainClientExec.establishRoute(MainClientExec.java:393)
	at org.apache.http.impl.execchain.MainClientExec.execute(MainClientExec.java:236)
	at org.apache.http.impl.execchain.ProtocolExec.execute(ProtocolExec.java:186)
	at org.apache.http.impl.execchain.RetryExec.execute(RetryExec.java:89)
	at org.apache.http.impl.execchain.RedirectExec.execute(RedirectExec.java:110)
	at org.apache.http.impl.client.InternalHttpClient.doExecute(InternalHttpClient.java:185)
	at org.apache.http.impl.client.CloseableHttpClient.execute(CloseableHttpClient.java:72)
	at org.apache.http.impl.client.CloseableHttpClient.execute(CloseableHttpClient.java:221)
	at org.apache.http.impl.client.CloseableHttpClient.execute(CloseableHttpClient.java:165)
	at org.apache.http.impl.client.CloseableHttpClient.execute(CloseableHttpClient.java:140)
	at com.ecwid.consul.transport.AbstractHttpTransport.executeRequest(AbstractHttpTransport.java:70)
	... 48 common frames omitted
Caused by: java.net.ConnectException: Connection refused: no further information
	at java.base/sun.nio.ch.Net.pollConnect(Native Method)
	at java.base/sun.nio.ch.Net.pollConnectNow(Net.java:672)
	at java.base/sun.nio.ch.NioSocketImpl.timedFinishConnect(NioSocketImpl.java:547)
	at java.base/sun.nio.ch.NioSocketImpl.connect(NioSocketImpl.java:602)
	at java.base/java.net.SocksSocketImpl.connect(SocksSocketImpl.java:327)
	at java.base/java.net.Socket.connect(Socket.java:633)
	at org.apache.http.conn.socket.PlainConnectionSocketFactory.connectSocket(PlainConnectionSocketFactory.java:75)
	at org.apache.http.impl.conn.DefaultHttpClientConnectionOperator.connect(DefaultHttpClientConnectionOperator.java:142)
	... 60 common frames omitted
2026-03-06 17:44:11.041 [catalogWatchTaskScheduler-1] [1;31mERROR[0;39m [36mo.s.c.c.discovery.ConsulCatalogWatch[0;39m - Error watching Consul CatalogServices
com.ecwid.consul.transport.TransportException: org.apache.http.conn.HttpHostConnectException: Connect to localhost:8500 [localhost/127.0.0.1, localhost/0:0:0:0:0:0:0:1] failed: Connection refused: no further information
	at com.ecwid.consul.transport.AbstractHttpTransport.executeRequest(AbstractHttpTransport.java:83)
	at com.ecwid.consul.transport.AbstractHttpTransport.makeGetRequest(AbstractHttpTransport.java:36)
	at com.ecwid.consul.v1.ConsulRawClient.makeGetRequest(ConsulRawClient.java:139)
	at com.ecwid.consul.v1.catalog.CatalogConsulClient.getCatalogServices(CatalogConsulClient.java:143)
	at com.ecwid.consul.v1.ConsulClient.getCatalogServices(ConsulClient.java:400)
	at org.springframework.cloud.consul.discovery.ConsulCatalogWatch.catalogServicesWatch(ConsulCatalogWatch.java:130)
	at org.springframework.scheduling.support.DelegatingErrorHandlingRunnable.run(DelegatingErrorHandlingRunnable.java:54)
	at java.base/java.util.concurrent.Executors$RunnableAdapter.call(Executors.java:539)
	at java.base/java.util.concurrent.FutureTask.runAndReset(FutureTask.java:305)
	at java.base/java.util.concurrent.ScheduledThreadPoolExecutor$ScheduledFutureTask.run(ScheduledThreadPoolExecutor.java:305)
	at java.base/java.util.concurrent.ThreadPoolExecutor.runWorker(ThreadPoolExecutor.java:1136)
	at java.base/java.util.concurrent.ThreadPoolExecutor$Worker.run(ThreadPoolExecutor.java:635)
	at java.base/java.lang.Thread.run(Thread.java:842)
Caused by: org.apache.http.conn.HttpHostConnectException: Connect to localhost:8500 [localhost/127.0.0.1, localhost/0:0:0:0:0:0:0:1] failed: Connection refused: no further information
	at org.apache.http.impl.conn.DefaultHttpClientConnectionOperator.connect(DefaultHttpClientConnectionOperator.java:156)
	at org.apache.http.impl.conn.PoolingHttpClientConnectionManager.connect(PoolingHttpClientConnectionManager.java:376)
	at org.apache.http.impl.execchain.MainClientExec.establishRoute(MainClientExec.java:393)
	at org.apache.http.impl.execchain.MainClientExec.execute(MainClientExec.java:236)
	at org.apache.http.impl.execchain.ProtocolExec.execute(ProtocolExec.java:186)
	at org.apache.http.impl.execchain.RetryExec.execute(RetryExec.java:89)
	at org.apache.http.impl.execchain.RedirectExec.execute(RedirectExec.java:110)
	at org.apache.http.impl.client.InternalHttpClient.doExecute(InternalHttpClient.java:185)
	at org.apache.http.impl.client.CloseableHttpClient.execute(CloseableHttpClient.java:72)
	at org.apache.http.impl.client.CloseableHttpClient.execute(CloseableHttpClient.java:221)
	at org.apache.http.impl.client.CloseableHttpClient.execute(CloseableHttpClient.java:165)
	at org.apache.http.impl.client.CloseableHttpClient.execute(CloseableHttpClient.java:140)
	at com.ecwid.consul.transport.AbstractHttpTransport.executeRequest(AbstractHttpTransport.java:70)
	... 12 common frames omitted
Caused by: java.net.ConnectException: Connection refused: no further information
	at java.base/sun.nio.ch.Net.pollConnect(Native Method)
	at java.base/sun.nio.ch.Net.pollConnectNow(Net.java:672)
	at java.base/sun.nio.ch.NioSocketImpl.timedFinishConnect(NioSocketImpl.java:547)
	at java.base/sun.nio.ch.NioSocketImpl.connect(NioSocketImpl.java:602)
	at java.base/java.net.SocksSocketImpl.connect(SocksSocketImpl.java:327)
	at java.base/java.net.Socket.connect(Socket.java:633)
	at org.apache.http.conn.socket.PlainConnectionSocketFactory.connectSocket(PlainConnectionSocketFactory.java:75)
	at org.apache.http.impl.conn.DefaultHttpClientConnectionOperator.connect(DefaultHttpClientConnectionOperator.java:142)
	... 24 common frames omitted
2026-03-06 17:44:11.320 [main] [34mINFO [0;39m [36mo.s.c.c.s.ConsulServiceRegistry[0;39m - Registering service with consul: NewService{id='moment-forever-payment-5174600886fe98ac664121ad87256b72', name='moment-forever-payment', tags=[contextPath=/payment], address='host.docker.internal', meta={secure=false}, port=8086, enableTagOverride=null, check=Check{script='null', dockerContainerID='null', shell='null', interval='10s', ttl='null', http='http://host.docker.internal:8083/actuator/health', method='null', header={}, tcp='null', timeout='null', deregisterCriticalServiceAfter='null', tlsSkipVerify=null, status='null', grpc='null', grpcUseTLS=null}, checks=null}
2026-03-06 17:44:11.337 [main] [1;31mERROR[0;39m [36mo.s.c.c.s.ConsulServiceRegistry[0;39m - Error registering service with consul: NewService{id='moment-forever-payment-5174600886fe98ac664121ad87256b72', name='moment-forever-payment', tags=[contextPath=/payment], address='host.docker.internal', meta={secure=false}, port=8086, enableTagOverride=null, check=Check{script='null', dockerContainerID='null', shell='null', interval='10s', ttl='null', http='http://host.docker.internal:8083/actuator/health', method='null', header={}, tcp='null', timeout='null', deregisterCriticalServiceAfter='null', tlsSkipVerify=null, status='null', grpc='null', grpcUseTLS=null}, checks=null}
com.ecwid.consul.transport.TransportException: org.apache.http.conn.HttpHostConnectException: Connect to localhost:8500 [localhost/127.0.0.1, localhost/0:0:0:0:0:0:0:1] failed: Connection refused: no further information
	at com.ecwid.consul.transport.AbstractHttpTransport.executeRequest(AbstractHttpTransport.java:83)
	at com.ecwid.consul.transport.AbstractHttpTransport.makePutRequest(AbstractHttpTransport.java:49)
	at com.ecwid.consul.v1.ConsulRawClient.makePutRequest(ConsulRawClient.java:163)
	at com.ecwid.consul.v1.agent.AgentConsulClient.agentServiceRegister(AgentConsulClient.java:273)
	at com.ecwid.consul.v1.ConsulClient.agentServiceRegister(ConsulClient.java:310)
	at org.springframework.cloud.consul.serviceregistry.ConsulServiceRegistry.register(ConsulServiceRegistry.java:67)
	at org.springframework.cloud.consul.serviceregistry.ConsulServiceRegistry.register(ConsulServiceRegistry.java:43)
	at org.springframework.cloud.client.serviceregistry.AbstractAutoServiceRegistration.register(AbstractAutoServiceRegistration.java:264)
	at org.springframework.cloud.consul.serviceregistry.ConsulAutoServiceRegistration.register(ConsulAutoServiceRegistration.java:80)
	at org.springframework.cloud.client.serviceregistry.AbstractAutoServiceRegistration.start(AbstractAutoServiceRegistration.java:156)
	at org.springframework.cloud.consul.serviceregistry.ConsulAutoServiceRegistration.start(ConsulAutoServiceRegistration.java:70)
	at java.base/jdk.internal.reflect.NativeMethodAccessorImpl.invoke0(Native Method)
	at java.base/jdk.internal.reflect.NativeMethodAccessorImpl.invoke(NativeMethodAccessorImpl.java:77)
	at java.base/jdk.internal.reflect.DelegatingMethodAccessorImpl.invoke(DelegatingMethodAccessorImpl.java:43)
	at java.base/java.lang.reflect.Method.invoke(Method.java:568)
	at org.springframework.aop.support.AopUtils.invokeJoinpointUsingReflection(AopUtils.java:343)
	at org.springframework.aop.framework.ReflectiveMethodInvocation.invokeJoinpoint(ReflectiveMethodInvocation.java:196)
	at org.springframework.aop.framework.ReflectiveMethodInvocation.proceed(ReflectiveMethodInvocation.java:163)
	at org.springframework.aop.framework.CglibAopProxy$CglibMethodInvocation.proceed(CglibAopProxy.java:751)
	at org.springframework.retry.interceptor.RetryOperationsInterceptor$1.doWithRetry(RetryOperationsInterceptor.java:102)
	at org.springframework.retry.support.RetryTemplate.doExecute(RetryTemplate.java:329)
	at org.springframework.retry.support.RetryTemplate.execute(RetryTemplate.java:209)
	at org.springframework.retry.interceptor.RetryOperationsInterceptor.invoke(RetryOperationsInterceptor.java:135)
	at org.springframework.retry.annotation.AnnotationAwareRetryOperationsInterceptor.invoke(AnnotationAwareRetryOperationsInterceptor.java:160)
	at org.springframework.aop.framework.ReflectiveMethodInvocation.proceed(ReflectiveMethodInvocation.java:184)
	at org.springframework.aop.framework.CglibAopProxy$CglibMethodInvocation.proceed(CglibAopProxy.java:751)
	at org.springframework.aop.framework.CglibAopProxy$DynamicAdvisedInterceptor.intercept(CglibAopProxy.java:703)
	at org.springframework.cloud.consul.serviceregistry.ConsulAutoServiceRegistration$$SpringCGLIB$$0.start(<generated>)
	at org.springframework.cloud.consul.serviceregistry.ConsulAutoServiceRegistrationListener.onApplicationEvent(ConsulAutoServiceRegistrationListener.java:60)
	at org.springframework.context.event.SimpleApplicationEventMulticaster.doInvokeListener(SimpleApplicationEventMulticaster.java:174)
	at org.springframework.context.event.SimpleApplicationEventMulticaster.invokeListener(SimpleApplicationEventMulticaster.java:167)
	at org.springframework.context.event.SimpleApplicationEventMulticaster.multicastEvent(SimpleApplicationEventMulticaster.java:145)
	at org.springframework.context.support.AbstractApplicationContext.publishEvent(AbstractApplicationContext.java:445)
	at org.springframework.context.support.AbstractApplicationContext.publishEvent(AbstractApplicationContext.java:378)
	at org.springframework.boot.web.servlet.context.WebServerStartStopLifecycle.start(WebServerStartStopLifecycle.java:47)
	at org.springframework.context.support.DefaultLifecycleProcessor.doStart(DefaultLifecycleProcessor.java:179)
	at org.springframework.context.support.DefaultLifecycleProcessor$LifecycleGroup.start(DefaultLifecycleProcessor.java:357)
	at java.base/java.lang.Iterable.forEach(Iterable.java:75)
	at org.springframework.context.support.DefaultLifecycleProcessor.startBeans(DefaultLifecycleProcessor.java:156)
	at org.springframework.context.support.DefaultLifecycleProcessor.onRefresh(DefaultLifecycleProcessor.java:124)
	at org.springframework.context.support.AbstractApplicationContext.finishRefresh(AbstractApplicationContext.java:966)
	at org.springframework.context.support.AbstractApplicationContext.refresh(AbstractApplicationContext.java:619)
	at org.springframework.boot.web.servlet.context.ServletWebServerApplicationContext.refresh(ServletWebServerApplicationContext.java:146)
	at org.springframework.boot.SpringApplication.refresh(SpringApplication.java:738)
	at org.springframework.boot.SpringApplication.refreshContext(SpringApplication.java:440)
	at org.springframework.boot.SpringApplication.run(SpringApplication.java:316)
	at org.springframework.boot.SpringApplication.run(SpringApplication.java:1306)
	at org.springframework.boot.SpringApplication.run(SpringApplication.java:1295)
	at com.forvmom.MomentForeverPayment.PaymentServiceApplication.main(PaymentServiceApplication.java:11)
Caused by: org.apache.http.conn.HttpHostConnectException: Connect to localhost:8500 [localhost/127.0.0.1, localhost/0:0:0:0:0:0:0:1] failed: Connection refused: no further information
	at org.apache.http.impl.conn.DefaultHttpClientConnectionOperator.connect(DefaultHttpClientConnectionOperator.java:156)
	at org.apache.http.impl.conn.PoolingHttpClientConnectionManager.connect(PoolingHttpClientConnectionManager.java:376)
	at org.apache.http.impl.execchain.MainClientExec.establishRoute(MainClientExec.java:393)
	at org.apache.http.impl.execchain.MainClientExec.execute(MainClientExec.java:236)
	at org.apache.http.impl.execchain.ProtocolExec.execute(ProtocolExec.java:186)
	at org.apache.http.impl.execchain.RetryExec.execute(RetryExec.java:89)
	at org.apache.http.impl.execchain.RedirectExec.execute(RedirectExec.java:110)
	at org.apache.http.impl.client.InternalHttpClient.doExecute(InternalHttpClient.java:185)
	at org.apache.http.impl.client.CloseableHttpClient.execute(CloseableHttpClient.java:72)
	at org.apache.http.impl.client.CloseableHttpClient.execute(CloseableHttpClient.java:221)
	at org.apache.http.impl.client.CloseableHttpClient.execute(CloseableHttpClient.java:165)
	at org.apache.http.impl.client.CloseableHttpClient.execute(CloseableHttpClient.java:140)
	at com.ecwid.consul.transport.AbstractHttpTransport.executeRequest(AbstractHttpTransport.java:70)
	... 48 common frames omitted
Caused by: java.net.ConnectException: Connection refused: no further information
	at java.base/sun.nio.ch.Net.pollConnect(Native Method)
	at java.base/sun.nio.ch.Net.pollConnectNow(Net.java:672)
	at java.base/sun.nio.ch.NioSocketImpl.timedFinishConnect(NioSocketImpl.java:547)
	at java.base/sun.nio.ch.NioSocketImpl.connect(NioSocketImpl.java:602)
	at java.base/java.net.SocksSocketImpl.connect(SocksSocketImpl.java:327)
	at java.base/java.net.Socket.connect(Socket.java:633)
	at org.apache.http.conn.socket.PlainConnectionSocketFactory.connectSocket(PlainConnectionSocketFactory.java:75)
	at org.apache.http.impl.conn.DefaultHttpClientConnectionOperator.connect(DefaultHttpClientConnectionOperator.java:142)
	... 60 common frames omitted
2026-03-06 17:44:12.071 [catalogWatchTaskScheduler-1] [1;31mERROR[0;39m [36mo.s.c.c.discovery.ConsulCatalogWatch[0;39m - Error watching Consul CatalogServices
com.ecwid.consul.transport.TransportException: org.apache.http.conn.HttpHostConnectException: Connect to localhost:8500 [localhost/127.0.0.1, localhost/0:0:0:0:0:0:0:1] failed: Connection refused: no further information
	at com.ecwid.consul.transport.AbstractHttpTransport.executeRequest(AbstractHttpTransport.java:83)
	at com.ecwid.consul.transport.AbstractHttpTransport.makeGetRequest(AbstractHttpTransport.java:36)
	at com.ecwid.consul.v1.ConsulRawClient.makeGetRequest(ConsulRawClient.java:139)
	at com.ecwid.consul.v1.catalog.CatalogConsulClient.getCatalogServices(CatalogConsulClient.java:143)
	at com.ecwid.consul.v1.ConsulClient.getCatalogServices(ConsulClient.java:400)
	at org.springframework.cloud.consul.discovery.ConsulCatalogWatch.catalogServicesWatch(ConsulCatalogWatch.java:130)
	at org.springframework.scheduling.support.DelegatingErrorHandlingRunnable.run(DelegatingErrorHandlingRunnable.java:54)
	at java.base/java.util.concurrent.Executors$RunnableAdapter.call(Executors.java:539)
	at java.base/java.util.concurrent.FutureTask.runAndReset(FutureTask.java:305)
	at java.base/java.util.concurrent.ScheduledThreadPoolExecutor$ScheduledFutureTask.run(ScheduledThreadPoolExecutor.java:305)
	at java.base/java.util.concurrent.ThreadPoolExecutor.runWorker(ThreadPoolExecutor.java:1136)
	at java.base/java.util.concurrent.ThreadPoolExecutor$Worker.run(ThreadPoolExecutor.java:635)
	at java.base/java.lang.Thread.run(Thread.java:842)
Caused by: org.apache.http.conn.HttpHostConnectException: Connect to localhost:8500 [localhost/127.0.0.1, localhost/0:0:0:0:0:0:0:1] failed: Connection refused: no further information
	at org.apache.http.impl.conn.DefaultHttpClientConnectionOperator.connect(DefaultHttpClientConnectionOperator.java:156)
	at org.apache.http.impl.conn.PoolingHttpClientConnectionManager.connect(PoolingHttpClientConnectionManager.java:376)
	at org.apache.http.impl.execchain.MainClientExec.establishRoute(MainClientExec.java:393)
	at org.apache.http.impl.execchain.MainClientExec.execute(MainClientExec.java:236)
	at org.apache.http.impl.execchain.ProtocolExec.execute(ProtocolExec.java:186)
	at org.apache.http.impl.execchain.RetryExec.execute(RetryExec.java:89)
	at org.apache.http.impl.execchain.RedirectExec.execute(RedirectExec.java:110)
	at org.apache.http.impl.client.InternalHttpClient.doExecute(InternalHttpClient.java:185)
	at org.apache.http.impl.client.CloseableHttpClient.execute(CloseableHttpClient.java:72)
	at org.apache.http.impl.client.CloseableHttpClient.execute(CloseableHttpClient.java:221)
	at org.apache.http.impl.client.CloseableHttpClient.execute(CloseableHttpClient.java:165)
	at org.apache.http.impl.client.CloseableHttpClient.execute(CloseableHttpClient.java:140)
	at com.ecwid.consul.transport.AbstractHttpTransport.executeRequest(AbstractHttpTransport.java:70)
	... 12 common frames omitted
Caused by: java.net.ConnectException: Connection refused: no further information
	at java.base/sun.nio.ch.Net.pollConnect(Native Method)
	at java.base/sun.nio.ch.Net.pollConnectNow(Net.java:672)
	at java.base/sun.nio.ch.NioSocketImpl.timedFinishConnect(NioSocketImpl.java:547)
	at java.base/sun.nio.ch.NioSocketImpl.connect(NioSocketImpl.java:602)
	at java.base/java.net.SocksSocketImpl.connect(SocksSocketImpl.java:327)
	at java.base/java.net.Socket.connect(Socket.java:633)
	at org.apache.http.conn.socket.PlainConnectionSocketFactory.connectSocket(PlainConnectionSocketFactory.java:75)
	at org.apache.http.impl.conn.DefaultHttpClientConnectionOperator.connect(DefaultHttpClientConnectionOperator.java:142)
	... 24 common frames omitted
2026-03-06 17:44:12.668 [main] [34mINFO [0;39m [36mo.s.c.c.s.ConsulServiceRegistry[0;39m - Registering service with consul: NewService{id='moment-forever-payment-5174600886fe98ac664121ad87256b72', name='moment-forever-payment', tags=[contextPath=/payment], address='host.docker.internal', meta={secure=false}, port=8086, enableTagOverride=null, check=Check{script='null', dockerContainerID='null', shell='null', interval='10s', ttl='null', http='http://host.docker.internal:8083/actuator/health', method='null', header={}, tcp='null', timeout='null', deregisterCriticalServiceAfter='null', tlsSkipVerify=null, status='null', grpc='null', grpcUseTLS=null}, checks=null}
2026-03-06 17:44:12.700 [main] [1;31mERROR[0;39m [36mo.s.c.c.s.ConsulServiceRegistry[0;39m - Error registering service with consul: NewService{id='moment-forever-payment-5174600886fe98ac664121ad87256b72', name='moment-forever-payment', tags=[contextPath=/payment], address='host.docker.internal', meta={secure=false}, port=8086, enableTagOverride=null, check=Check{script='null', dockerContainerID='null', shell='null', interval='10s', ttl='null', http='http://host.docker.internal:8083/actuator/health', method='null', header={}, tcp='null', timeout='null', deregisterCriticalServiceAfter='null', tlsSkipVerify=null, status='null', grpc='null', grpcUseTLS=null}, checks=null}
com.ecwid.consul.transport.TransportException: org.apache.http.conn.HttpHostConnectException: Connect to localhost:8500 [localhost/127.0.0.1, localhost/0:0:0:0:0:0:0:1] failed: Connection refused: no further information
	at com.ecwid.consul.transport.AbstractHttpTransport.executeRequest(AbstractHttpTransport.java:83)
	at com.ecwid.consul.transport.AbstractHttpTransport.makePutRequest(AbstractHttpTransport.java:49)
	at com.ecwid.consul.v1.ConsulRawClient.makePutRequest(ConsulRawClient.java:163)
	at com.ecwid.consul.v1.agent.AgentConsulClient.agentServiceRegister(AgentConsulClient.java:273)
	at com.ecwid.consul.v1.ConsulClient.agentServiceRegister(ConsulClient.java:310)
	at org.springframework.cloud.consul.serviceregistry.ConsulServiceRegistry.register(ConsulServiceRegistry.java:67)
	at org.springframework.cloud.consul.serviceregistry.ConsulServiceRegistry.register(ConsulServiceRegistry.java:43)
	at org.springframework.cloud.client.serviceregistry.AbstractAutoServiceRegistration.register(AbstractAutoServiceRegistration.java:264)
	at org.springframework.cloud.consul.serviceregistry.ConsulAutoServiceRegistration.register(ConsulAutoServiceRegistration.java:80)
	at org.springframework.cloud.client.serviceregistry.AbstractAutoServiceRegistration.start(AbstractAutoServiceRegistration.java:156)
	at org.springframework.cloud.consul.serviceregistry.ConsulAutoServiceRegistration.start(ConsulAutoServiceRegistration.java:70)
	at java.base/jdk.internal.reflect.NativeMethodAccessorImpl.invoke0(Native Method)
	at java.base/jdk.internal.reflect.NativeMethodAccessorImpl.invoke(NativeMethodAccessorImpl.java:77)
	at java.base/jdk.internal.reflect.DelegatingMethodAccessorImpl.invoke(DelegatingMethodAccessorImpl.java:43)
	at java.base/java.lang.reflect.Method.invoke(Method.java:568)
	at org.springframework.aop.support.AopUtils.invokeJoinpointUsingReflection(AopUtils.java:343)
	at org.springframework.aop.framework.ReflectiveMethodInvocation.invokeJoinpoint(ReflectiveMethodInvocation.java:196)
	at org.springframework.aop.framework.ReflectiveMethodInvocation.proceed(ReflectiveMethodInvocation.java:163)
	at org.springframework.aop.framework.CglibAopProxy$CglibMethodInvocation.proceed(CglibAopProxy.java:751)
	at org.springframework.retry.interceptor.RetryOperationsInterceptor$1.doWithRetry(RetryOperationsInterceptor.java:102)
	at org.springframework.retry.support.RetryTemplate.doExecute(RetryTemplate.java:329)
	at org.springframework.retry.support.RetryTemplate.execute(RetryTemplate.java:209)
	at org.springframework.retry.interceptor.RetryOperationsInterceptor.invoke(RetryOperationsInterceptor.java:135)
	at org.springframework.retry.annotation.AnnotationAwareRetryOperationsInterceptor.invoke(AnnotationAwareRetryOperationsInterceptor.java:160)
	at org.springframework.aop.framework.ReflectiveMethodInvocation.proceed(ReflectiveMethodInvocation.java:184)
	at org.springframework.aop.framework.CglibAopProxy$CglibMethodInvocation.proceed(CglibAopProxy.java:751)
	at org.springframework.aop.framework.CglibAopProxy$DynamicAdvisedInterceptor.intercept(CglibAopProxy.java:703)
	at org.springframework.cloud.consul.serviceregistry.ConsulAutoServiceRegistration$$SpringCGLIB$$0.start(<generated>)
	at org.springframework.cloud.consul.serviceregistry.ConsulAutoServiceRegistrationListener.onApplicationEvent(ConsulAutoServiceRegistrationListener.java:60)
	at org.springframework.context.event.SimpleApplicationEventMulticaster.doInvokeListener(SimpleApplicationEventMulticaster.java:174)
	at org.springframework.context.event.SimpleApplicationEventMulticaster.invokeListener(SimpleApplicationEventMulticaster.java:167)
	at org.springframework.context.event.SimpleApplicationEventMulticaster.multicastEvent(SimpleApplicationEventMulticaster.java:145)
	at org.springframework.context.support.AbstractApplicationContext.publishEvent(AbstractApplicationContext.java:445)
	at org.springframework.context.support.AbstractApplicationContext.publishEvent(AbstractApplicationContext.java:378)
	at org.springframework.boot.web.servlet.context.WebServerStartStopLifecycle.start(WebServerStartStopLifecycle.java:47)
	at org.springframework.context.support.DefaultLifecycleProcessor.doStart(DefaultLifecycleProcessor.java:179)
	at org.springframework.context.support.DefaultLifecycleProcessor$LifecycleGroup.start(DefaultLifecycleProcessor.java:357)
	at java.base/java.lang.Iterable.forEach(Iterable.java:75)
	at org.springframework.context.support.DefaultLifecycleProcessor.startBeans(DefaultLifecycleProcessor.java:156)
	at org.springframework.context.support.DefaultLifecycleProcessor.onRefresh(DefaultLifecycleProcessor.java:124)
	at org.springframework.context.support.AbstractApplicationContext.finishRefresh(AbstractApplicationContext.java:966)
	at org.springframework.context.support.AbstractApplicationContext.refresh(AbstractApplicationContext.java:619)
	at org.springframework.boot.web.servlet.context.ServletWebServerApplicationContext.refresh(ServletWebServerApplicationContext.java:146)
	at org.springframework.boot.SpringApplication.refresh(SpringApplication.java:738)
	at org.springframework.boot.SpringApplication.refreshContext(SpringApplication.java:440)
	at org.springframework.boot.SpringApplication.run(SpringApplication.java:316)
	at org.springframework.boot.SpringApplication.run(SpringApplication.java:1306)
	at org.springframework.boot.SpringApplication.run(SpringApplication.java:1295)
	at com.forvmom.MomentForeverPayment.PaymentServiceApplication.main(PaymentServiceApplication.java:11)
Caused by: org.apache.http.conn.HttpHostConnectException: Connect to localhost:8500 [localhost/127.0.0.1, localhost/0:0:0:0:0:0:0:1] failed: Connection refused: no further information
	at org.apache.http.impl.conn.DefaultHttpClientConnectionOperator.connect(DefaultHttpClientConnectionOperator.java:156)
	at org.apache.http.impl.conn.PoolingHttpClientConnectionManager.connect(PoolingHttpClientConnectionManager.java:376)
	at org.apache.http.impl.execchain.MainClientExec.establishRoute(MainClientExec.java:393)
	at org.apache.http.impl.execchain.MainClientExec.execute(MainClientExec.java:236)
	at org.apache.http.impl.execchain.ProtocolExec.execute(ProtocolExec.java:186)
	at org.apache.http.impl.execchain.RetryExec.execute(RetryExec.java:89)
	at org.apache.http.impl.execchain.RedirectExec.execute(RedirectExec.java:110)
	at org.apache.http.impl.client.InternalHttpClient.doExecute(InternalHttpClient.java:185)
	at org.apache.http.impl.client.CloseableHttpClient.execute(CloseableHttpClient.java:72)
	at org.apache.http.impl.client.CloseableHttpClient.execute(CloseableHttpClient.java:221)
	at org.apache.http.impl.client.CloseableHttpClient.execute(CloseableHttpClient.java:165)
	at org.apache.http.impl.client.CloseableHttpClient.execute(CloseableHttpClient.java:140)
	at com.ecwid.consul.transport.AbstractHttpTransport.executeRequest(AbstractHttpTransport.java:70)
	... 48 common frames omitted
Caused by: java.net.ConnectException: Connection refused: no further information
	at java.base/sun.nio.ch.Net.pollConnect(Native Method)
	at java.base/sun.nio.ch.Net.pollConnectNow(Net.java:672)
	at java.base/sun.nio.ch.NioSocketImpl.timedFinishConnect(NioSocketImpl.java:547)
	at java.base/sun.nio.ch.NioSocketImpl.connect(NioSocketImpl.java:602)
	at java.base/java.net.SocksSocketImpl.connect(SocksSocketImpl.java:327)
	at java.base/java.net.Socket.connect(Socket.java:633)
	at org.apache.http.conn.socket.PlainConnectionSocketFactory.connectSocket(PlainConnectionSocketFactory.java:75)
	at org.apache.http.impl.conn.DefaultHttpClientConnectionOperator.connect(DefaultHttpClientConnectionOperator.java:142)
	... 60 common frames omitted
2026-03-06 17:44:13.094 [catalogWatchTaskScheduler-1] [1;31mERROR[0;39m [36mo.s.c.c.discovery.ConsulCatalogWatch[0;39m - Error watching Consul CatalogServices
com.ecwid.consul.transport.TransportException: org.apache.http.conn.HttpHostConnectException: Connect to localhost:8500 [localhost/127.0.0.1, localhost/0:0:0:0:0:0:0:1] failed: Connection refused: no further information
	at com.ecwid.consul.transport.AbstractHttpTransport.executeRequest(AbstractHttpTransport.java:83)
	at com.ecwid.consul.transport.AbstractHttpTransport.makeGetRequest(AbstractHttpTransport.java:36)
	at com.ecwid.consul.v1.ConsulRawClient.makeGetRequest(ConsulRawClient.java:139)
	at com.ecwid.consul.v1.catalog.CatalogConsulClient.getCatalogServices(CatalogConsulClient.java:143)
	at com.ecwid.consul.v1.ConsulClient.getCatalogServices(ConsulClient.java:400)
	at org.springframework.cloud.consul.discovery.ConsulCatalogWatch.catalogServicesWatch(ConsulCatalogWatch.java:130)
	at org.springframework.scheduling.support.DelegatingErrorHandlingRunnable.run(DelegatingErrorHandlingRunnable.java:54)
	at java.base/java.util.concurrent.Executors$RunnableAdapter.call(Executors.java:539)
	at java.base/java.util.concurrent.FutureTask.runAndReset(FutureTask.java:305)
	at java.base/java.util.concurrent.ScheduledThreadPoolExecutor$ScheduledFutureTask.run(ScheduledThreadPoolExecutor.java:305)
	at java.base/java.util.concurrent.ThreadPoolExecutor.runWorker(ThreadPoolExecutor.java:1136)
	at java.base/java.util.concurrent.ThreadPoolExecutor$Worker.run(ThreadPoolExecutor.java:635)
	at java.base/java.lang.Thread.run(Thread.java:842)
Caused by: org.apache.http.conn.HttpHostConnectException: Connect to localhost:8500 [localhost/127.0.0.1, localhost/0:0:0:0:0:0:0:1] failed: Connection refused: no further information
	at org.apache.http.impl.conn.DefaultHttpClientConnectionOperator.connect(DefaultHttpClientConnectionOperator.java:156)
	at org.apache.http.impl.conn.PoolingHttpClientConnectionManager.connect(PoolingHttpClientConnectionManager.java:376)
	at org.apache.http.impl.execchain.MainClientExec.establishRoute(MainClientExec.java:393)
	at org.apache.http.impl.execchain.MainClientExec.execute(MainClientExec.java:236)
	at org.apache.http.impl.execchain.ProtocolExec.execute(ProtocolExec.java:186)
	at org.apache.http.impl.execchain.RetryExec.execute(RetryExec.java:89)
	at org.apache.http.impl.execchain.RedirectExec.execute(RedirectExec.java:110)
	at org.apache.http.impl.client.InternalHttpClient.doExecute(InternalHttpClient.java:185)
	at org.apache.http.impl.client.CloseableHttpClient.execute(CloseableHttpClient.java:72)
	at org.apache.http.impl.client.CloseableHttpClient.execute(CloseableHttpClient.java:221)
	at org.apache.http.impl.client.CloseableHttpClient.execute(CloseableHttpClient.java:165)
	at org.apache.http.impl.client.CloseableHttpClient.execute(CloseableHttpClient.java:140)
	at com.ecwid.consul.transport.AbstractHttpTransport.executeRequest(AbstractHttpTransport.java:70)
	... 12 common frames omitted
Caused by: java.net.ConnectException: Connection refused: no further information
	at java.base/sun.nio.ch.Net.pollConnect(Native Method)
	at java.base/sun.nio.ch.Net.pollConnectNow(Net.java:672)
	at java.base/sun.nio.ch.NioSocketImpl.timedFinishConnect(NioSocketImpl.java:547)
	at java.base/sun.nio.ch.NioSocketImpl.connect(NioSocketImpl.java:602)
	at java.base/java.net.SocksSocketImpl.connect(SocksSocketImpl.java:327)
	at java.base/java.net.Socket.connect(Socket.java:633)
	at org.apache.http.conn.socket.PlainConnectionSocketFactory.connectSocket(PlainConnectionSocketFactory.java:75)
	at org.apache.http.impl.conn.DefaultHttpClientConnectionOperator.connect(DefaultHttpClientConnectionOperator.java:142)
	... 24 common frames omitted
2026-03-06 17:44:14.117 [catalogWatchTaskScheduler-1] [1;31mERROR[0;39m [36mo.s.c.c.discovery.ConsulCatalogWatch[0;39m - Error watching Consul CatalogServices
com.ecwid.consul.transport.TransportException: org.apache.http.conn.HttpHostConnectException: Connect to localhost:8500 [localhost/127.0.0.1, localhost/0:0:0:0:0:0:0:1] failed: Connection refused: no further information
	at com.ecwid.consul.transport.AbstractHttpTransport.executeRequest(AbstractHttpTransport.java:83)
	at com.ecwid.consul.transport.AbstractHttpTransport.makeGetRequest(AbstractHttpTransport.java:36)
	at com.ecwid.consul.v1.ConsulRawClient.makeGetRequest(ConsulRawClient.java:139)
	at com.ecwid.consul.v1.catalog.CatalogConsulClient.getCatalogServices(CatalogConsulClient.java:143)
	at com.ecwid.consul.v1.ConsulClient.getCatalogServices(ConsulClient.java:400)
	at org.springframework.cloud.consul.discovery.ConsulCatalogWatch.catalogServicesWatch(ConsulCatalogWatch.java:130)
	at org.springframework.scheduling.support.DelegatingErrorHandlingRunnable.run(DelegatingErrorHandlingRunnable.java:54)
	at java.base/java.util.concurrent.Executors$RunnableAdapter.call(Executors.java:539)
	at java.base/java.util.concurrent.FutureTask.runAndReset(FutureTask.java:305)
	at java.base/java.util.concurrent.ScheduledThreadPoolExecutor$ScheduledFutureTask.run(ScheduledThreadPoolExecutor.java:305)
	at java.base/java.util.concurrent.ThreadPoolExecutor.runWorker(ThreadPoolExecutor.java:1136)
	at java.base/java.util.concurrent.ThreadPoolExecutor$Worker.run(ThreadPoolExecutor.java:635)
	at java.base/java.lang.Thread.run(Thread.java:842)
Caused by: org.apache.http.conn.HttpHostConnectException: Connect to localhost:8500 [localhost/127.0.0.1, localhost/0:0:0:0:0:0:0:1] failed: Connection refused: no further information
	at org.apache.http.impl.conn.DefaultHttpClientConnectionOperator.connect(DefaultHttpClientConnectionOperator.java:156)
	at org.apache.http.impl.conn.PoolingHttpClientConnectionManager.connect(PoolingHttpClientConnectionManager.java:376)
	at org.apache.http.impl.execchain.MainClientExec.establishRoute(MainClientExec.java:393)
	at org.apache.http.impl.execchain.MainClientExec.execute(MainClientExec.java:236)
	at org.apache.http.impl.execchain.ProtocolExec.execute(ProtocolExec.java:186)
	at org.apache.http.impl.execchain.RetryExec.execute(RetryExec.java:89)
	at org.apache.http.impl.execchain.RedirectExec.execute(RedirectExec.java:110)
	at org.apache.http.impl.client.InternalHttpClient.doExecute(InternalHttpClient.java:185)
	at org.apache.http.impl.client.CloseableHttpClient.execute(CloseableHttpClient.java:72)
	at org.apache.http.impl.client.CloseableHttpClient.execute(CloseableHttpClient.java:221)
	at org.apache.http.impl.client.CloseableHttpClient.execute(CloseableHttpClient.java:165)
	at org.apache.http.impl.client.CloseableHttpClient.execute(CloseableHttpClient.java:140)
	at com.ecwid.consul.transport.AbstractHttpTransport.executeRequest(AbstractHttpTransport.java:70)
	... 12 common frames omitted
Caused by: java.net.ConnectException: Connection refused: no further information
	at java.base/sun.nio.ch.Net.pollConnect(Native Method)
	at java.base/sun.nio.ch.Net.pollConnectNow(Net.java:672)
	at java.base/sun.nio.ch.NioSocketImpl.timedFinishConnect(NioSocketImpl.java:547)
	at java.base/sun.nio.ch.NioSocketImpl.connect(NioSocketImpl.java:602)
	at java.base/java.net.SocksSocketImpl.connect(SocksSocketImpl.java:327)
	at java.base/java.net.Socket.connect(Socket.java:633)
	at org.apache.http.conn.socket.PlainConnectionSocketFactory.connectSocket(PlainConnectionSocketFactory.java:75)
	at org.apache.http.impl.conn.DefaultHttpClientConnectionOperator.connect(DefaultHttpClientConnectionOperator.java:142)
	... 24 common frames omitted
2026-03-06 17:44:14.167 [main] [34mINFO [0;39m [36mo.s.c.c.s.ConsulServiceRegistry[0;39m - Registering service with consul: NewService{id='moment-forever-payment-5174600886fe98ac664121ad87256b72', name='moment-forever-payment', tags=[contextPath=/payment], address='host.docker.internal', meta={secure=false}, port=8086, enableTagOverride=null, check=Check{script='null', dockerContainerID='null', shell='null', interval='10s', ttl='null', http='http://host.docker.internal:8083/actuator/health', method='null', header={}, tcp='null', timeout='null', deregisterCriticalServiceAfter='null', tlsSkipVerify=null, status='null', grpc='null', grpcUseTLS=null}, checks=null}
2026-03-06 17:44:14.185 [main] [1;31mERROR[0;39m [36mo.s.c.c.s.ConsulServiceRegistry[0;39m - Error registering service with consul: NewService{id='moment-forever-payment-5174600886fe98ac664121ad87256b72', name='moment-forever-payment', tags=[contextPath=/payment], address='host.docker.internal', meta={secure=false}, port=8086, enableTagOverride=null, check=Check{script='null', dockerContainerID='null', shell='null', interval='10s', ttl='null', http='http://host.docker.internal:8083/actuator/health', method='null', header={}, tcp='null', timeout='null', deregisterCriticalServiceAfter='null', tlsSkipVerify=null, status='null', grpc='null', grpcUseTLS=null}, checks=null}
com.ecwid.consul.transport.TransportException: org.apache.http.conn.HttpHostConnectException: Connect to localhost:8500 [localhost/127.0.0.1, localhost/0:0:0:0:0:0:0:1] failed: Connection refused: no further information
	at com.ecwid.consul.transport.AbstractHttpTransport.executeRequest(AbstractHttpTransport.java:83)
	at com.ecwid.consul.transport.AbstractHttpTransport.makePutRequest(AbstractHttpTransport.java:49)
	at com.ecwid.consul.v1.ConsulRawClient.makePutRequest(ConsulRawClient.java:163)
	at com.ecwid.consul.v1.agent.AgentConsulClient.agentServiceRegister(AgentConsulClient.java:273)
	at com.ecwid.consul.v1.ConsulClient.agentServiceRegister(ConsulClient.java:310)
	at org.springframework.cloud.consul.serviceregistry.ConsulServiceRegistry.register(ConsulServiceRegistry.java:67)
	at org.springframework.cloud.consul.serviceregistry.ConsulServiceRegistry.register(ConsulServiceRegistry.java:43)
	at org.springframework.cloud.client.serviceregistry.AbstractAutoServiceRegistration.register(AbstractAutoServiceRegistration.java:264)
	at org.springframework.cloud.consul.serviceregistry.ConsulAutoServiceRegistration.register(ConsulAutoServiceRegistration.java:80)
	at org.springframework.cloud.client.serviceregistry.AbstractAutoServiceRegistration.start(AbstractAutoServiceRegistration.java:156)
	at org.springframework.cloud.consul.serviceregistry.ConsulAutoServiceRegistration.start(ConsulAutoServiceRegistration.java:70)
	at java.base/jdk.internal.reflect.NativeMethodAccessorImpl.invoke0(Native Method)
	at java.base/jdk.internal.reflect.NativeMethodAccessorImpl.invoke(NativeMethodAccessorImpl.java:77)
	at java.base/jdk.internal.reflect.DelegatingMethodAccessorImpl.invoke(DelegatingMethodAccessorImpl.java:43)
	at java.base/java.lang.reflect.Method.invoke(Method.java:568)
	at org.springframework.aop.support.AopUtils.invokeJoinpointUsingReflection(AopUtils.java:343)
	at org.springframework.aop.framework.ReflectiveMethodInvocation.invokeJoinpoint(ReflectiveMethodInvocation.java:196)
	at org.springframework.aop.framework.ReflectiveMethodInvocation.proceed(ReflectiveMethodInvocation.java:163)
	at org.springframework.aop.framework.CglibAopProxy$CglibMethodInvocation.proceed(CglibAopProxy.java:751)
	at org.springframework.retry.interceptor.RetryOperationsInterceptor$1.doWithRetry(RetryOperationsInterceptor.java:102)
	at org.springframework.retry.support.RetryTemplate.doExecute(RetryTemplate.java:329)
	at org.springframework.retry.support.RetryTemplate.execute(RetryTemplate.java:209)
	at org.springframework.retry.interceptor.RetryOperationsInterceptor.invoke(RetryOperationsInterceptor.java:135)
	at org.springframework.retry.annotation.AnnotationAwareRetryOperationsInterceptor.invoke(AnnotationAwareRetryOperationsInterceptor.java:160)
	at org.springframework.aop.framework.ReflectiveMethodInvocation.proceed(ReflectiveMethodInvocation.java:184)
	at org.springframework.aop.framework.CglibAopProxy$CglibMethodInvocation.proceed(CglibAopProxy.java:751)
	at org.springframework.aop.framework.CglibAopProxy$DynamicAdvisedInterceptor.intercept(CglibAopProxy.java:703)
	at org.springframework.cloud.consul.serviceregistry.ConsulAutoServiceRegistration$$SpringCGLIB$$0.start(<generated>)
	at org.springframework.cloud.consul.serviceregistry.ConsulAutoServiceRegistrationListener.onApplicationEvent(ConsulAutoServiceRegistrationListener.java:60)
	at org.springframework.context.event.SimpleApplicationEventMulticaster.doInvokeListener(SimpleApplicationEventMulticaster.java:174)
	at org.springframework.context.event.SimpleApplicationEventMulticaster.invokeListener(SimpleApplicationEventMulticaster.java:167)
	at org.springframework.context.event.SimpleApplicationEventMulticaster.multicastEvent(SimpleApplicationEventMulticaster.java:145)
	at org.springframework.context.support.AbstractApplicationContext.publishEvent(AbstractApplicationContext.java:445)
	at org.springframework.context.support.AbstractApplicationContext.publishEvent(AbstractApplicationContext.java:378)
	at org.springframework.boot.web.servlet.context.WebServerStartStopLifecycle.start(WebServerStartStopLifecycle.java:47)
	at org.springframework.context.support.DefaultLifecycleProcessor.doStart(DefaultLifecycleProcessor.java:179)
	at org.springframework.context.support.DefaultLifecycleProcessor$LifecycleGroup.start(DefaultLifecycleProcessor.java:357)
	at java.base/java.lang.Iterable.forEach(Iterable.java:75)
	at org.springframework.context.support.DefaultLifecycleProcessor.startBeans(DefaultLifecycleProcessor.java:156)
	at org.springframework.context.support.DefaultLifecycleProcessor.onRefresh(DefaultLifecycleProcessor.java:124)
	at org.springframework.context.support.AbstractApplicationContext.finishRefresh(AbstractApplicationContext.java:966)
	at org.springframework.context.support.AbstractApplicationContext.refresh(AbstractApplicationContext.java:619)
	at org.springframework.boot.web.servlet.context.ServletWebServerApplicationContext.refresh(ServletWebServerApplicationContext.java:146)
	at org.springframework.boot.SpringApplication.refresh(SpringApplication.java:738)
	at org.springframework.boot.SpringApplication.refreshContext(SpringApplication.java:440)
	at org.springframework.boot.SpringApplication.run(SpringApplication.java:316)
	at org.springframework.boot.SpringApplication.run(SpringApplication.java:1306)
	at org.springframework.boot.SpringApplication.run(SpringApplication.java:1295)
	at com.forvmom.MomentForeverPayment.PaymentServiceApplication.main(PaymentServiceApplication.java:11)
Caused by: org.apache.http.conn.HttpHostConnectException: Connect to localhost:8500 [localhost/127.0.0.1, localhost/0:0:0:0:0:0:0:1] failed: Connection refused: no further information
	at org.apache.http.impl.conn.DefaultHttpClientConnectionOperator.connect(DefaultHttpClientConnectionOperator.java:156)
	at org.apache.http.impl.conn.PoolingHttpClientConnectionManager.connect(PoolingHttpClientConnectionManager.java:376)
	at org.apache.http.impl.execchain.MainClientExec.establishRoute(MainClientExec.java:393)
	at org.apache.http.impl.execchain.MainClientExec.execute(MainClientExec.java:236)
	at org.apache.http.impl.execchain.ProtocolExec.execute(ProtocolExec.java:186)
	at org.apache.http.impl.execchain.RetryExec.execute(RetryExec.java:89)
	at org.apache.http.impl.execchain.RedirectExec.execute(RedirectExec.java:110)
	at org.apache.http.impl.client.InternalHttpClient.doExecute(InternalHttpClient.java:185)
	at org.apache.http.impl.client.CloseableHttpClient.execute(CloseableHttpClient.java:72)
	at org.apache.http.impl.client.CloseableHttpClient.execute(CloseableHttpClient.java:221)
	at org.apache.http.impl.client.CloseableHttpClient.execute(CloseableHttpClient.java:165)
	at org.apache.http.impl.client.CloseableHttpClient.execute(CloseableHttpClient.java:140)
	at com.ecwid.consul.transport.AbstractHttpTransport.executeRequest(AbstractHttpTransport.java:70)
	... 48 common frames omitted
Caused by: java.net.ConnectException: Connection refused: no further information
	at java.base/sun.nio.ch.Net.pollConnect(Native Method)
	at java.base/sun.nio.ch.Net.pollConnectNow(Net.java:672)
	at java.base/sun.nio.ch.NioSocketImpl.timedFinishConnect(NioSocketImpl.java:547)
	at java.base/sun.nio.ch.NioSocketImpl.connect(NioSocketImpl.java:602)
	at java.base/java.net.SocksSocketImpl.connect(SocksSocketImpl.java:327)
	at java.base/java.net.Socket.connect(Socket.java:633)
	at org.apache.http.conn.socket.PlainConnectionSocketFactory.connectSocket(PlainConnectionSocketFactory.java:75)
	at org.apache.http.impl.conn.DefaultHttpClientConnectionOperator.connect(DefaultHttpClientConnectionOperator.java:142)
	... 60 common frames omitted
2026-03-06 17:44:14.187 [main] [31mWARN [0;39m [36mo.s.b.w.s.c.AnnotationConfigServletWebServerApplicationContext[0;39m - Exception encountered during context initialization - cancelling refresh attempt: org.springframework.context.ApplicationContextException: Failed to start bean 'webServerStartStop'
2026-03-06 17:44:14.189 [main] [34mINFO [0;39m [36mo.s.s.quartz.SchedulerFactoryBean[0;39m - Shutting down Quartz Scheduler
2026-03-06 17:44:14.189 [main] [34mINFO [0;39m [36morg.quartz.core.QuartzScheduler[0;39m - Scheduler paymentScheduler_$_NON_CLUSTERED shutting down.
2026-03-06 17:44:14.189 [main] [34mINFO [0;39m [36morg.quartz.core.QuartzScheduler[0;39m - Scheduler paymentScheduler_$_NON_CLUSTERED paused.
2026-03-06 17:44:14.189 [main] [34mINFO [0;39m [36morg.quartz.core.QuartzScheduler[0;39m - Scheduler paymentScheduler_$_NON_CLUSTERED shutdown complete.
2026-03-06 17:44:14.193 [main] [34mINFO [0;39m [36mo.s.o.j.LocalContainerEntityManagerFactoryBean[0;39m - Closing JPA EntityManagerFactory for persistence unit 'default'
2026-03-06 17:44:14.196 [main] [34mINFO [0;39m [36mcom.zaxxer.hikari.HikariDataSource[0;39m - HikariPool-1 - Shutdown initiated...
2026-03-06 17:44:14.204 [main] [34mINFO [0;39m [36mcom.zaxxer.hikari.HikariDataSource[0;39m - HikariPool-1 - Shutdown completed.
2026-03-06 17:44:14.228 [main] [34mINFO [0;39m [36mo.s.b.a.l.ConditionEvaluationReportLogger[0;39m - 

Error starting ApplicationContext. To display the condition evaluation report re-run your application with 'debug' enabled.
2026-03-06 17:44:14.248 [main] [1;31mERROR[0;39m [36mo.s.boot.SpringApplication[0;39m - Application run failed
org.springframework.context.ApplicationContextException: Failed to start bean 'webServerStartStop'
	at org.springframework.context.support.DefaultLifecycleProcessor.doStart(DefaultLifecycleProcessor.java:182)
	at org.springframework.context.support.DefaultLifecycleProcessor$LifecycleGroup.start(DefaultLifecycleProcessor.java:357)
	at java.base/java.lang.Iterable.forEach(Iterable.java:75)
	at org.springframework.context.support.DefaultLifecycleProcessor.startBeans(DefaultLifecycleProcessor.java:156)
	at org.springframework.context.support.DefaultLifecycleProcessor.onRefresh(DefaultLifecycleProcessor.java:124)
	at org.springframework.context.support.AbstractApplicationContext.finishRefresh(AbstractApplicationContext.java:966)
	at org.springframework.context.support.AbstractApplicationContext.refresh(AbstractApplicationContext.java:619)
	at org.springframework.boot.web.servlet.context.ServletWebServerApplicationContext.refresh(ServletWebServerApplicationContext.java:146)
	at org.springframework.boot.SpringApplication.refresh(SpringApplication.java:738)
	at org.springframework.boot.SpringApplication.refreshContext(SpringApplication.java:440)
	at org.springframework.boot.SpringApplication.run(SpringApplication.java:316)
	at org.springframework.boot.SpringApplication.run(SpringApplication.java:1306)
	at org.springframework.boot.SpringApplication.run(SpringApplication.java:1295)
	at com.forvmom.MomentForeverPayment.PaymentServiceApplication.main(PaymentServiceApplication.java:11)
Caused by: com.ecwid.consul.transport.TransportException: org.apache.http.conn.HttpHostConnectException: Connect to localhost:8500 [localhost/127.0.0.1, localhost/0:0:0:0:0:0:0:1] failed: Connection refused: no further information
	at com.ecwid.consul.transport.AbstractHttpTransport.executeRequest(AbstractHttpTransport.java:83)
	at com.ecwid.consul.transport.AbstractHttpTransport.makePutRequest(AbstractHttpTransport.java:49)
	at com.ecwid.consul.v1.ConsulRawClient.makePutRequest(ConsulRawClient.java:163)
	at com.ecwid.consul.v1.agent.AgentConsulClient.agentServiceRegister(AgentConsulClient.java:273)
	at com.ecwid.consul.v1.ConsulClient.agentServiceRegister(ConsulClient.java:310)
	at org.springframework.cloud.consul.serviceregistry.ConsulServiceRegistry.register(ConsulServiceRegistry.java:67)
	at org.springframework.cloud.consul.serviceregistry.ConsulServiceRegistry.register(ConsulServiceRegistry.java:43)
	at org.springframework.cloud.client.serviceregistry.AbstractAutoServiceRegistration.register(AbstractAutoServiceRegistration.java:264)
	at org.springframework.cloud.consul.serviceregistry.ConsulAutoServiceRegistration.register(ConsulAutoServiceRegistration.java:80)
	at org.springframework.cloud.client.serviceregistry.AbstractAutoServiceRegistration.start(AbstractAutoServiceRegistration.java:156)
	at org.springframework.cloud.consul.serviceregistry.ConsulAutoServiceRegistration.start(ConsulAutoServiceRegistration.java:70)
	at java.base/jdk.internal.reflect.NativeMethodAccessorImpl.invoke0(Native Method)
	at java.base/jdk.internal.reflect.NativeMethodAccessorImpl.invoke(NativeMethodAccessorImpl.java:77)
	at java.base/jdk.internal.reflect.DelegatingMethodAccessorImpl.invoke(DelegatingMethodAccessorImpl.java:43)
	at java.base/java.lang.reflect.Method.invoke(Method.java:568)
	at org.springframework.aop.support.AopUtils.invokeJoinpointUsingReflection(AopUtils.java:343)
	at org.springframework.aop.framework.ReflectiveMethodInvocation.invokeJoinpoint(ReflectiveMethodInvocation.java:196)
	at org.springframework.aop.framework.ReflectiveMethodInvocation.proceed(ReflectiveMethodInvocation.java:163)
	at org.springframework.aop.framework.CglibAopProxy$CglibMethodInvocation.proceed(CglibAopProxy.java:751)
	at org.springframework.retry.interceptor.RetryOperationsInterceptor$1.doWithRetry(RetryOperationsInterceptor.java:102)
	at org.springframework.retry.support.RetryTemplate.doExecute(RetryTemplate.java:329)
	at org.springframework.retry.support.RetryTemplate.execute(RetryTemplate.java:209)
	at org.springframework.retry.interceptor.RetryOperationsInterceptor.invoke(RetryOperationsInterceptor.java:135)
	at org.springframework.retry.annotation.AnnotationAwareRetryOperationsInterceptor.invoke(AnnotationAwareRetryOperationsInterceptor.java:160)
	at org.springframework.aop.framework.ReflectiveMethodInvocation.proceed(ReflectiveMethodInvocation.java:184)
	at org.springframework.aop.framework.CglibAopProxy$CglibMethodInvocation.proceed(CglibAopProxy.java:751)
	at org.springframework.aop.framework.CglibAopProxy$DynamicAdvisedInterceptor.intercept(CglibAopProxy.java:703)
	at org.springframework.cloud.consul.serviceregistry.ConsulAutoServiceRegistration$$SpringCGLIB$$0.start(<generated>)
	at org.springframework.cloud.consul.serviceregistry.ConsulAutoServiceRegistrationListener.onApplicationEvent(ConsulAutoServiceRegistrationListener.java:60)
	at org.springframework.context.event.SimpleApplicationEventMulticaster.doInvokeListener(SimpleApplicationEventMulticaster.java:174)
	at org.springframework.context.event.SimpleApplicationEventMulticaster.invokeListener(SimpleApplicationEventMulticaster.java:167)
	at org.springframework.context.event.SimpleApplicationEventMulticaster.multicastEvent(SimpleApplicationEventMulticaster.java:145)
	at org.springframework.context.support.AbstractApplicationContext.publishEvent(AbstractApplicationContext.java:445)
	at org.springframework.context.support.AbstractApplicationContext.publishEvent(AbstractApplicationContext.java:378)
	at org.springframework.boot.web.servlet.context.WebServerStartStopLifecycle.start(WebServerStartStopLifecycle.java:47)
	at org.springframework.context.support.DefaultLifecycleProcessor.doStart(DefaultLifecycleProcessor.java:179)
	... 13 common frames omitted
Caused by: org.apache.http.conn.HttpHostConnectException: Connect to localhost:8500 [localhost/127.0.0.1, localhost/0:0:0:0:0:0:0:1] failed: Connection refused: no further information
	at org.apache.http.impl.conn.DefaultHttpClientConnectionOperator.connect(DefaultHttpClientConnectionOperator.java:156)
	at org.apache.http.impl.conn.PoolingHttpClientConnectionManager.connect(PoolingHttpClientConnectionManager.java:376)
	at org.apache.http.impl.execchain.MainClientExec.establishRoute(MainClientExec.java:393)
	at org.apache.http.impl.execchain.MainClientExec.execute(MainClientExec.java:236)
	at org.apache.http.impl.execchain.ProtocolExec.execute(ProtocolExec.java:186)
	at org.apache.http.impl.execchain.RetryExec.execute(RetryExec.java:89)
	at org.apache.http.impl.execchain.RedirectExec.execute(RedirectExec.java:110)
	at org.apache.http.impl.client.InternalHttpClient.doExecute(InternalHttpClient.java:185)
	at org.apache.http.impl.client.CloseableHttpClient.execute(CloseableHttpClient.java:72)
	at org.apache.http.impl.client.CloseableHttpClient.execute(CloseableHttpClient.java:221)
	at org.apache.http.impl.client.CloseableHttpClient.execute(CloseableHttpClient.java:165)
	at org.apache.http.impl.client.CloseableHttpClient.execute(CloseableHttpClient.java:140)
	at com.ecwid.consul.transport.AbstractHttpTransport.executeRequest(AbstractHttpTransport.java:70)
	... 48 common frames omitted
Caused by: java.net.ConnectException: Connection refused: no further information
	at java.base/sun.nio.ch.Net.pollConnect(Native Method)
	at java.base/sun.nio.ch.Net.pollConnectNow(Net.java:672)
	at java.base/sun.nio.ch.NioSocketImpl.timedFinishConnect(NioSocketImpl.java:547)
	at java.base/sun.nio.ch.NioSocketImpl.connect(NioSocketImpl.java:602)
	at java.base/java.net.SocksSocketImpl.connect(SocksSocketImpl.java:327)
	at java.base/java.net.Socket.connect(Socket.java:633)
	at org.apache.http.conn.socket.PlainConnectionSocketFactory.connectSocket(PlainConnectionSocketFactory.java:75)
	at org.apache.http.impl.conn.DefaultHttpClientConnectionOperator.connect(DefaultHttpClientConnectionOperator.java:142)
	... 60 common frames omitted
[INFO] ------------------------------------------------------------------------
[INFO] BUILD FAILURE
[INFO] ------------------------------------------------------------------------
[INFO] Total time:  19.359 s
[INFO] Finished at: 2026-03-06T17:44:14+05:30
[INFO] ------------------------------------------------------------------------
[ERROR] Failed to execute goal org.springframework.boot:spring-boot-maven-plugin:3.1.5:run (default-cli) on project MomentForeverPayment: Process terminated with exit code: 1 -> [Help 1]
[ERROR] 
[ERROR] To see the full stack trace of the errors, re-run Maven with the -e switch.
[ERROR] Re-run Maven using the -X switch to enable full debug logging.
[ERROR] 
[ERROR] For more information about the errors and possible solutions, please read the following articles:
[ERROR] [Help 1] http://cwiki.apache.org/confluence/display/MAVEN/MojoExecutionException
